building_id,meter,site_id,primary_use,square_feet,air_temperature,cloud_coverage,dew_temperature,precip_depth_1_hr,sea_level_pressure,wind_direction,wind_speed,day,month,week,hour,is_weekend,meter_reading
947.0,0.0,9,Education,91629,10.6,9.0,10.0,-1.0,1020.0,0.0,0.0,11.0,12.0,49.0,8,1,59.000004
1358.0,1.0,15,Lodging/residential,61439,15.0,4.0,12.8,-1.0,1023.0,100.0,3.1,1.0,10.0,39.0,16,1,23.876402
824.0,0.0,8,Public services,7820,7.8,6.0,6.7,0.0,1022.0,230.0,2.1,30.0,1.0,4.0,12,1,16.958302
673.0,0.0,5,Entertainment/public assembly,36307,9.0,0.0,5.0,-0.04166,1014.0,50.0,3.6,10.0,10.0,41.0,21,0,58.05999
1159.0,0.0,13,Office,671507,23.9,2.363,13.3,0.0,1007.5,150.0,9.3,4.0,10.0,40.0,21,0,1537.6302
462.0,0.0,3,Public services,9226,13.9,0.0,1.1,0.0,1025.0,310.0,2.6,5.0,11.0,44.0,0,1,10.72
1428.0,0.0,15,Education,28432,-5.0,4.0,-12.8,-1.0,1013.0,300.0,11.8,3.0,4.0,13.0,16,1,32.925003
1384.0,2.0,15,Education,56969,26.7,1.692,16.7,1.0,1013.0,280.0,4.1,30.0,5.0,22.0,18,0,136.49399
1336.0,2.0,15,Office,31053,5.6,0.0,2.2,-1.0,1029.0,10.0,2.6,14.0,10.0,41.0,23,0,101.57901
446.0,0.0,3,Public services,43992,6.7,0.0,3.3,0.0,1021.0,200.0,2.6,14.0,11.0,46.0,5,0,207.55003
1329.0,1.0,15,Technology/science,60100,0.6,0.5713,-5.0,-1.0,1016.5,250.0,4.6,27.0,1.0,4.0,10,0,87.13422
13.0,0.0,0,Education,99380,17.8,8.0,16.7,46.0,1018.0,0.0,0.0,27.0,1.0,4.0,7,0,0.0
730.0,0.0,5,Education,126045,6.0,0.0,1.0,-0.04166,1014.0,290.0,3.6,22.0,2.0,8.0,17,0,86.89999
227.0,0.0,2,Entertainment/public assembly,17132,28.9,4.0,2.8,0.0,1006.0,230.0,6.7,28.0,3.0,13.0,20,0,9.46
1148.0,0.0,13,Office,861524,20.0,6.0,11.7,0.0,1001.5,200.0,7.2,8.0,3.0,10.0,18,0,1143.9099
1430.0,2.0,15,Office,53303,9.4,0.0,8.9,11.4,1021.0,80.0,3.6,20.0,10.0,42.0,5,0,109.63699
965.0,0.0,9,Lodging/residential,45086,26.1,0.0,22.2,0.0,1020.5,200.0,1.5,21.0,6.0,25.0,7,0,27.000002
1127.0,0.0,13,Office,87131,27.8,6.0,17.2,0.0,1011.0,290.0,7.2,24.0,7.0,29.0,18,1,110.862976
228.0,3.0,2,Lodging/residential,49108,18.9,4.0,14.4,0.0,1015.5,116.8,1.5,4.0,11.0,44.0,5,0,0.0
1301.0,1.0,14,Education,62242,1.1,0.0,-1.7,0.0,1020.0,260.0,3.1,27.0,11.0,47.0,12,1,308.60202
360.0,0.0,3,Education,69600,3.3,8.0,-5.6,0.0,1032.0,180.0,5.1,11.0,12.0,49.0,18,1,51.389996
654.0,0.0,4,Education,43910,16.1,2.0,9.4,0.0,1023.0,250.0,5.1,13.0,4.0,15.0,18,0,57.09269
330.0,0.0,3,Education,65000,27.8,4.133,12.8,0.0,1013.5,244.8,2.1,22.0,6.0,25.0,23,0,63.459988
514.0,0.0,3,Public services,12750,17.2,2.0,13.9,0.0,1025.0,70.0,2.1,6.0,10.0,40.0,4,0,9.19
927.0,2.0,9,Lodging/residential,745671,10.6,0.0,8.9,0.0,1017.0,350.0,3.1,12.0,12.0,50.0,11,0,1021.7498
1205.0,0.0,13,Parking,178270,26.1,2.0,12.2,0.0,1004.5,290.0,8.2,5.0,6.0,22.0,18,1,15.386999
962.0,0.0,9,Public services,492898,18.9,1.333,17.8,3.0,1020.0,290.0,2.1,8.0,11.0,45.0,8,0,501.0001
1157.0,0.0,13,Education,37107,2.2,5.5,-4.4,0.0,1010.0,200.0,6.2,21.0,12.0,51.0,16,0,139.45099
569.0,0.0,4,Education,86091,10.6,3.2,7.8,0.0,1028.0,0.0,0.0,26.0,1.0,4.0,17,0,300.49994
1332.0,1.0,15,Education,47398,18.9,0.0,13.3,5.285,1012.0,160.0,4.1,13.0,5.0,19.0,4,0,165.29802
1409.0,1.0,15,Lodging/residential,48881,-9.4,0.0,-14.4,-0.5293,1011.5,210.0,4.1,14.0,1.0,2.0,3,0,18.364101
800.0,0.0,7,Education,64583,-3.7,0.1053,-5.2,2.2,996.0,280.0,8.7,21.0,11.0,47.0,11,0,200.02995
1265.0,3.0,14,Food sales and service,35605,20.0,0.0,13.3,0.0,1014.0,310.0,2.1,30.0,6.0,26.0,5,0,90.78512
1179.0,1.0,13,Entertainment/public assembly,143228,0.6,4.0,-1.7,0.0,1000.5,240.0,3.1,30.0,1.0,4.0,5,1,31.320805
1032.0,3.0,11,Education,127632,6.5,8.305,3.4,14.2,1015.5,70.0,3.1,15.0,11.0,46.0,15,0,120.83801
1130.0,1.0,13,Education,280225,-5.6,3.555,-18.9,-0.1177,1021.0,20.0,4.6,1.0,3.0,9.0,3,0,0.0
168.0,1.0,2,Education,183460,29.4,4.184,15.6,0.0,1010.5,100.0,3.1,21.0,8.0,33.0,15,1,1561.0599
152.0,0.0,1,Office,10301,8.0,0.0,0.6,0.0,1003.5,220.0,2.1,11.0,2.0,6.0,14,0,23.344004
1294.0,0.0,14,Office,15649,16.1,3.6,3.9,0.0,1003.0,310.0,1.5,2.0,4.0,13.0,6,1,0.0
1084.0,0.0,13,Office,122922,25.6,2.0,22.2,0.0,1016.0,260.0,2.1,3.0,8.0,31.0,8,0,332.67496
1193.0,0.0,13,Office,106511,11.1,0.0,5.0,0.0,1013.5,270.0,6.2,26.0,9.0,39.0,10,0,147.05797
1253.0,3.0,14,Education,134748,4.4,0.0,-2.8,-1.0,1015.0,310.0,4.6,27.0,1.0,4.0,11,0,2043.3003
677.0,0.0,5,Public services,7072,9.0,0.0,6.0,-0.04166,1014.0,170.0,4.6,1.0,4.0,13.0,17,0,11.299999
416.0,0.0,3,Public services,7079,27.8,4.0,23.9,0.0,1010.0,170.0,3.6,6.0,8.0,31.0,14,1,13.9
992.0,0.0,9,Office,51483,30.6,2.0,25.0,0.0,1006.5,162.2,2.1,26.0,5.0,21.0,22,0,24.999998
1328.0,0.0,15,Education,279840,-2.8,0.6665,-6.7,0.0,1020.5,0.0,0.0,29.0,12.0,52.0,0,0,605.52496
1107.0,2.0,13,Education,184098,-3.3,4.0,-9.4,0.0,1024.0,200.0,3.1,26.0,2.0,8.0,15,0,11695.305
320.0,0.0,3,Education,105500,12.2,7.25,8.3,7.0,1017.0,50.0,6.7,13.0,3.0,10.0,20,1,93.690025
194.0,0.0,2,Office,155682,27.8,4.0,-2.8,0.0,1005.0,220.0,6.2,27.0,4.0,17.0,21,0,103.869995
1348.0,0.0,15,Education,131271,23.0,1.714,14.0,-1.0,1019.5,200.0,4.1,16.0,10.0,41.0,21,1,292.02496
901.0,0.0,9,Education,107730,27.2,0.0,15.6,0.0,1010.5,180.0,3.6,17.0,11.0,46.0,20,0,179.99995
1266.0,0.0,14,Public services,13469,0.6,4.0,-1.1,0.0,1015.5,0.0,0.0,8.0,12.0,49.0,6,0,47.0
1341.0,2.0,15,Education,18342,23.3,2.166,20.0,0.0,1022.5,0.0,0.0,15.0,8.0,33.0,23,0,404.6831
1254.0,1.0,14,Education,24979,2.2,0.0,-4.4,0.0,1021.5,240.0,2.1,13.0,11.0,45.0,9,1,0.0
238.0,1.0,2,Office,45017,38.3,6.0,13.3,0.0,1011.5,163.9,1.5,22.0,7.0,29.0,18,0,256.48404
808.0,0.0,8,Other,9357,11.1,0.0,5.6,0.0,1022.5,260.0,3.1,26.0,2.0,8.0,4,0,0.2083
634.0,0.0,4,Education,4000,9.4,4.0,6.7,-0.4666,1020.5,40.0,1.5,22.0,3.0,12.0,10,0,0.65250003
387.0,0.0,3,Education,104200,4.4,8.0,3.9,0.0,1021.5,10.0,2.1,8.0,1.0,1.0,7,0,171.23001
216.0,1.0,2,Education,137065,30.6,7.0,8.9,0.0,1009.0,240.0,3.6,28.0,10.0,43.0,3,0,176.26396
1181.0,0.0,13,Education,60606,23.9,8.0,19.4,0.0,1012.0,80.0,4.1,12.0,8.0,32.0,6,0,62.532993
91.0,1.0,0,Education,68094,20.0,0.2106,16.1,0.0,1019.0,310.0,3.6,20.0,11.0,46.0,3,1,0.0
1398.0,0.0,15,Lodging/residential,20291,13.9,4.0,11.7,-1.0,1023.5,140.0,3.6,1.0,10.0,39.0,14,1,9.574999
790.0,1.0,7,Education,86111,24.9,0.1053,19.5,10.5,1007.5,210.0,4.1,14.0,7.0,28.0,5,0,1207.6901
1429.0,0.0,15,Education,40461,-6.1,2.0,-7.2,0.0,1007.0,70.0,2.1,9.0,4.0,14.0,9,1,26.699999
1298.0,2.0,14,Education,171084,29.4,4.0,17.8,0.0,1016.5,300.0,5.1,17.0,8.0,33.0,18,0,2487.0105
346.0,0.0,3,Entertainment/public assembly,17709,4.4,0.0,-4.4,0.0,1017.0,190.0,4.1,31.0,1.0,4.0,1,1,32.25
1283.0,1.0,14,Public services,76537,22.2,0.0,21.7,3.0,1010.0,0.0,0.0,1.0,9.0,35.0,13,0,82.70579
1040.0,0.0,12,Office,126960,7.4,7.0,4.1,4.145,1026.0,300.0,2.0,18.0,4.0,16.0,23,0,169.34999
266.0,0.0,2,Education,30543,25.6,2.0,-0.6,0.0,1012.0,100.0,3.1,17.0,9.0,37.0,15,1,161.58002
1300.0,0.0,14,Healthcare,25609,9.4,0.0,7.8,0.0,1017.0,0.0,0.0,28.0,10.0,43.0,7,0,49.2902
1301.0,0.0,14,Education,62242,22.2,0.0,20.6,0.0,1017.0,90.0,3.6,1.0,8.0,31.0,13,0,112.62499
914.0,2.0,9,Education,229973,31.1,0.0,21.7,0.0,1011.0,180.0,1.5,9.0,8.0,32.0,4,0,57.950005
1194.0,0.0,13,Office,35829,17.2,0.0,10.0,0.0,1018.0,0.0,0.0,21.0,6.0,25.0,8,0,57.114
899.0,1.0,9,Education,225014,2.2,0.0,-2.2,0.0,1024.0,330.0,2.1,10.0,1.0,1.0,9,1,217.51698
601.0,0.0,4,Entertainment/public assembly,11910,20.6,2.0,7.2,0.0,1015.5,290.0,5.1,17.0,3.0,11.0,1,0,10.750001
673.0,0.0,5,Entertainment/public assembly,36307,13.0,0.0,10.0,-0.04166,1014.0,20.0,2.1,20.0,9.0,38.0,2,0,13.23
1441.0,0.0,15,Education,30143,1.1,0.0,-6.7,-1.0,1021.5,190.0,3.1,21.0,12.0,51.0,19,0,297.74994
1337.0,0.0,15,Office,14744,30.0,4.0,22.8,30.6,1010.5,220.0,5.7,8.0,9.0,36.0,17,0,25.275
966.0,0.0,9,Education,393530,20.6,0.0,19.4,0.0,1023.0,30.0,2.1,4.0,11.0,44.0,4,0,543.0
14.0,0.0,0,Education,86250,27.8,3.715,14.4,0.0,1019.0,250.0,3.6,12.0,4.0,15.0,19,0,0.0
175.0,3.0,2,Education,111635,33.3,2.934,-2.8,0.0,1010.0,310.0,4.1,12.0,5.0,19.0,2,0,14.653601
1000.0,0.0,10,Education,121146,11.1,0.0,1.1,0.0,1026.0,133.5,1.5,10.0,11.0,45.0,16,0,83.75001
996.0,0.0,9,Education,77632,25.6,2.0,23.3,0.0,1012.5,162.2,3.1,26.0,5.0,21.0,9,0,133.00003
927.0,0.0,9,Lodging/residential,745671,28.9,0.0,14.4,0.0,1019.5,0.0,0.0,11.0,10.0,41.0,18,0,960.9998
1107.0,0.0,13,Education,184098,-22.8,0.0,-27.2,0.0,1029.0,290.0,3.6,18.0,1.0,3.0,5,0,550.1699
847.0,0.0,8,Entertainment/public assembly,9303,11.7,3.066,3.9,0.0,1017.5,280.0,6.2,10.0,2.0,6.0,3,0,24.999998
857.0,0.0,8,Entertainment/public assembly,4000,23.3,4.855,19.4,0.0,1017.0,200.0,4.1,14.0,3.0,11.0,14,0,2.4600003
908.0,1.0,9,Education,91254,19.4,4.0,17.8,0.0,1012.0,0.0,0.0,3.0,6.0,22.0,8,0,248.88704
980.0,2.0,9,Entertainment/public assembly,34819,23.3,0.0,2.2,0.0,1022.0,170.0,2.6,17.0,2.0,7.0,21,0,0.0
1242.0,3.0,14,Office,23871,28.9,0.8,18.9,0.0,1018.0,190.0,3.1,12.0,7.0,28.0,18,0,0.48
1148.0,1.0,13,Office,861524,0.0,3.0,-2.8,-1.0,1017.0,40.0,6.2,24.0,3.0,12.0,2,0,49.855
952.0,2.0,9,Education,218024,11.1,0.0,2.2,0.0,1013.5,249.5,2.1,30.0,11.0,48.0,11,0,329.39996
0.0,0.0,0,Education,7432,36.1,4.0,20.0,0.0,1017.5,165.6,2.6,8.0,7.0,27.0,20,0,298.27905
61.0,0.0,0,Lodging/residential,38686,23.3,5.332,15.0,0.0,1020.0,90.0,4.1,26.0,1.0,4.0,20,0,0.0
649.0,0.0,4,Education,116121,20.6,2.166,11.7,0.0,1017.0,280.0,6.7,14.0,5.0,19.0,22,1,416.59998
428.0,0.0,3,Entertainment/public assembly,1396,2.2,0.0,-3.9,0.0,1029.0,270.0,2.1,23.0,12.0,51.0,7,0,15.13
799.0,0.0,7,Education,527431,22.7,0.1053,8.4,6.0,1017.5,100.0,3.6,26.0,5.0,21.0,17,0,0.0
989.0,1.0,9,Education,168696,13.3,0.0,8.9,0.0,1017.5,0.0,0.0,8.0,4.0,14.0,10,0,218.99405
792.0,1.0,7,Education,333681,8.5,0.1053,6.0,2.5,1015.5,110.0,2.1,2.0,5.0,18.0,23,0,522.8699
1090.0,0.0,13,Office,305047,-12.8,0.0,-14.4,0.0,1029.0,220.0,2.1,5.0,2.0,5.0,10,0,431.304
1350.0,1.0,15,Education,149762,-8.9,1.5,-11.7,-1.0,1022.0,150.0,5.1,17.0,12.0,50.0,6,1,0.0
166.0,0.0,2,Lodging/residential,553210,11.1,2.0,0.0,0.0,1016.0,110.0,3.6,13.0,3.0,10.0,13,1,341.87
458.0,0.0,3,Entertainment/public assembly,4589,27.2,4.0,22.2,0.0,1016.0,170.0,3.1,31.0,8.0,35.0,14,0,29.429996
69.0,0.0,0,Parking,387638,27.2,6.0,17.8,0.0,1020.0,10.0,9.3,11.0,10.0,41.0,18,0,84.910515
1218.0,2.0,13,Entertainment/public assembly,268480,13.9,3.334,1.1,0.0,1017.0,90.0,6.7,30.0,4.0,17.0,22,1,0.0
370.0,0.0,3,Entertainment/public assembly,15960,21.1,8.0,20.0,-1.0,1020.5,70.0,6.7,29.0,9.0,39.0,19,0,41.929996
1337.0,0.0,15,Office,14744,21.7,0.0,18.9,3.334,1020.0,100.0,1.5,28.0,5.0,21.0,12,1,23.075003
713.0,0.0,5,Education,14973,6.0,0.0,5.0,-0.04166,1014.0,350.0,3.6,20.0,10.0,42.0,5,0,3.7089999
939.0,0.0,9,Lodging/residential,8051,29.4,0.0,16.1,0.0,1018.5,76.5,2.6,29.0,10.0,43.0,20,1,19.200003
912.0,0.0,9,Education,52559,27.8,0.0,16.7,0.0,1021.0,120.0,2.6,24.0,10.0,43.0,23,0,41.000004
1346.0,0.0,15,Education,34875,21.1,0.0,13.9,1.0,1016.0,160.0,5.1,27.0,6.0,26.0,7,0,13.175001
401.0,0.0,3,Entertainment/public assembly,12660,10.6,6.0,2.2,0.0,1018.0,350.0,2.6,5.0,12.0,49.0,23,0,24.68
980.0,2.0,9,Entertainment/public assembly,34819,29.4,1.6,23.9,-1.0,1012.5,96.25,2.6,22.0,5.0,20.0,20,1,30.500004
1233.0,1.0,14,Education,43143,25.0,2.0,17.2,0.0,1018.5,80.0,4.6,2.0,8.0,31.0,17,0,758.2741
1137.0,1.0,13,Office,27452,26.1,7.5,20.0,0.0,1014.0,240.0,3.6,27.0,7.0,30.0,8,0,155.27103
279.0,1.0,2,Education,49384,32.2,2.0,2.8,0.0,1005.0,270.0,5.1,15.0,5.0,19.0,19,1,9.3197
1094.0,0.0,13,Office,70852,24.4,4.0,21.1,0.0,1009.5,300.0,3.6,24.0,7.0,29.0,13,1,68.57099
781.0,0.0,6,Lodging/residential,128044,11.7,0.0,5.6,0.0,1023.5,320.0,1.5,28.0,10.0,43.0,12,0,131.50003
781.0,0.0,6,Lodging/residential,128044,19.4,3.1,16.1,0.0,1018.5,0.0,0.0,2.0,10.0,39.0,15,1,109.7
694.0,0.0,5,Education,30613,2.0,0.0,0.0,-0.04166,1014.0,290.0,6.2,15.0,1.0,2.0,6,0,8.6
1079.0,1.0,13,Education,14185,7.2,0.0,3.9,0.0,1024.0,0.0,0.0,5.0,11.0,44.0,10,1,0.0
1157.0,1.0,13,Education,37107,23.9,2.0,10.6,0.0,1012.5,150.0,7.7,3.0,10.0,40.0,22,0,96.96119
52.0,0.0,0,Education,106523,26.1,4.0,22.8,0.0,1021.5,90.0,2.1,23.0,6.0,25.0,3,0,404.75797
248.0,0.0,2,Education,24643,10.0,6.0,7.2,5.0,1009.0,140.0,2.1,8.0,1.0,1.0,1,0,35.29
1301.0,0.0,14,Education,62242,6.7,0.0,-6.1,0.0,1025.0,210.0,4.1,11.0,4.0,15.0,1,0,87.50001
94.0,0.0,0,Education,29469,25.6,4.57,23.9,0.0,1017.5,70.0,2.1,14.0,8.0,32.0,9,1,53.6492
281.0,0.0,2,Food sales and service,28862,30.0,5.5,6.1,0.0,1008.0,213.1,2.6,18.0,5.0,20.0,23,0,61.930004
607.0,0.0,4,Education,34825,15.6,2.715,12.8,0.0,1014.0,290.0,2.1,21.0,8.0,33.0,14,1,27.250002
603.0,0.0,4,Public services,29063,10.0,3.0,7.2,0.0,1024.0,100.0,2.1,25.0,1.0,4.0,9,0,48.599995
423.0,0.0,3,Entertainment/public assembly,969,23.3,4.0,18.9,0.0,1017.5,240.0,1.5,31.0,8.0,35.0,6,0,1.6
947.0,0.0,9,Education,91629,12.2,0.0,8.9,-1.0,1020.5,0.0,0.0,23.0,12.0,51.0,12,0,58.000004
263.0,3.0,2,Education,87673,19.4,4.0,3.9,0.0,1018.0,250.0,2.6,21.0,1.0,3.0,1,0,0.0
1241.0,1.0,14,Healthcare,194188,11.1,0.0,-4.4,0.0,1009.5,300.0,7.2,18.0,3.0,11.0,14,0,1692.03
248.0,1.0,2,Education,24643,33.9,2.0,13.9,0.0,1007.5,150.0,5.1,3.0,9.0,35.0,17,1,91.89531
1003.0,3.0,10,Education,94751,23.9,0.0,1.7,0.0,1008.0,170.0,5.7,1.0,9.0,35.0,7,0,0.0
382.0,0.0,3,Education,47984,15.6,2.0,1.1,0.0,1031.0,91.8,1.5,15.0,4.0,15.0,17,0,55.56001
239.0,3.0,2,Lodging/residential,106440,24.4,4.0,3.3,0.0,1012.5,110.0,3.6,16.0,10.0,41.0,16,1,0.0
210.0,1.0,2,Education,71248,43.9,4.0,12.8,0.0,1007.5,270.0,3.6,21.0,7.0,29.0,23,0,725.9479
444.0,0.0,3,Public services,12945,15.0,0.0,1.7,0.0,1015.5,200.0,4.1,24.0,3.0,12.0,6,0,15.399999
1073.0,0.0,13,Office,194111,8.9,2.0,3.3,0.0,1011.5,0.0,0.0,14.0,11.0,46.0,6,0,436.0
1348.0,1.0,15,Education,131271,8.9,1.667,6.7,1.77,1024.0,320.0,4.1,4.0,11.0,44.0,4,0,13.371498
1091.0,0.0,13,Lodging/residential,233341,20.0,6.0,18.9,0.0,1009.5,290.0,2.6,24.0,8.0,34.0,12,0,278.99997
1252.0,1.0,14,Education,116249,16.7,0.6665,13.9,-1.0,1011.5,190.0,2.1,24.0,5.0,21.0,1,0,2334.8
1296.0,3.0,14,Office,8836,-2.2,0.0,-11.1,0.0,1029.0,340.0,5.1,18.0,2.0,7.0,13,0,58.350998
980.0,0.0,9,Entertainment/public assembly,34819,13.3,0.0,5.6,0.0,1018.5,0.0,0.0,7.0,4.0,14.0,5,0,18.0
1425.0,2.0,15,Utility,4071,18.3,4.0,17.2,-1.0,1014.5,60.0,1.5,1.0,9.0,35.0,5,0,203.61502
1207.0,1.0,13,Healthcare,74443,-4.4,4.0,-7.2,0.0,1026.0,180.0,6.7,5.0,1.0,1.0,11,0,0.0
600.0,0.0,4,Education,44182,10.0,2.715,6.7,0.0,1019.5,320.0,1.5,1.0,3.0,9.0,15,0,90.499985
802.0,0.0,7,Education,290625,4.0,0.1053,3.2,2.5,1012.0,290.0,2.1,17.0,11.0,46.0,5,0,869.38007
1235.0,0.0,14,Public services,278369,6.7,3.0,5.6,15.0,1009.5,80.0,4.6,28.0,3.0,13.0,10,0,253.68794
1378.0,0.0,15,Education,214505,17.8,0.0,12.8,1.0,1022.0,40.0,1.5,21.0,7.0,29.0,1,0,748.925
1417.0,0.0,15,Lodging/residential,40451,12.2,0.0,10.6,12.0,1022.5,50.0,2.1,12.0,9.0,37.0,1,0,73.374985
1097.0,1.0,13,Office,157545,0.0,3.54,-13.9,0.0,1015.0,250.0,3.1,3.0,4.0,13.0,4,1,0.0
792.0,2.0,7,Education,333681,0.7,0.1053,0.6,2.0,1020.0,180.0,1.0,26.0,11.0,47.0,4,1,4311.661
276.0,0.0,2,Office,70837,19.4,2.0,-8.9,0.0,1016.5,250.0,4.1,24.0,3.0,12.0,4,0,145.43999
479.0,0.0,3,Public services,43955,23.3,0.0,21.1,0.0,1016.0,190.0,2.1,24.0,9.0,38.0,5,1,117.51999
704.0,0.0,5,Education,17050,16.0,0.0,12.0,-0.04166,1014.0,280.0,5.7,24.0,6.0,25.0,14,0,17.7
13.0,0.0,0,Education,99380,23.3,4.0,19.4,0.0,1015.0,140.0,2.1,30.0,4.0,17.0,5,1,0.0
1427.0,2.0,15,Education,180625,0.0,1.272,-7.8,0.0,1015.0,320.0,9.3,9.0,4.0,14.0,21,1,4862.731
204.0,0.0,2,Lodging/residential,30949,29.4,5.332,-3.9,0.0,1012.5,200.0,1.5,6.0,4.0,14.0,3,0,30.239998
369.0,0.0,3,Public services,6431,31.7,6.0,21.1,0.0,1016.0,200.0,5.7,18.0,8.0,33.0,0,0,21.38
239.0,3.0,2,Lodging/residential,106440,23.9,6.0,-1.1,0.0,1016.0,80.0,2.1,19.0,2.0,7.0,19,0,41.029903
480.0,0.0,3,Office,30000,4.4,7.5,-3.9,0.0,1021.0,340.0,8.8,5.0,3.0,9.0,2,1,12.059999
118.0,0.0,1,Education,138316,6.7,0.0,5.3,0.0,981.0,250.0,4.6,11.0,1.0,2.0,12,0,557.8001
254.0,3.0,2,Entertainment/public assembly,254766,38.3,2.0,-4.4,0.0,1007.0,210.0,5.1,4.0,5.0,18.0,21,0,0.0
1255.0,0.0,14,Office,23702,-4.4,0.0,-13.9,0.0,1038.0,350.0,4.6,19.0,12.0,51.0,12,0,41.770603
797.0,2.0,7,Education,764237,19.5,0.1053,15.5,11.5,1020.0,100.0,2.1,28.0,8.0,34.0,13,1,0.0
4.0,0.0,0,Education,116607,23.9,4.727,22.2,15.0,1016.0,230.0,4.1,20.0,9.0,38.0,1,0,1615.6202
1038.0,0.0,12,Technology/science,9838,15.6,8.0,13.2,4.145,1020.0,290.0,3.0,23.0,8.0,34.0,19,0,74.6425
1254.0,0.0,14,Education,24979,18.9,3.0,15.0,0.0,1008.0,120.0,2.1,16.0,6.0,24.0,13,0,72.000015
916.0,2.0,9,Education,51778,7.8,0.0,1.7,0.0,1018.5,0.0,0.0,29.0,1.0,4.0,10,0,106.750015
1386.0,1.0,15,Entertainment/public assembly,82035,15.6,0.0,15.6,1.0,1022.5,70.0,2.1,27.0,8.0,34.0,9,1,215.01196
106.0,0.0,1,Education,5374,21.1,0.0,18.2,0.0,1016.5,310.0,1.5,25.0,8.0,34.0,1,0,0.74920005
876.0,2.0,9,Education,55240,26.1,3.334,20.0,0.0,1006.5,190.0,3.6,26.0,4.0,17.0,16,0,0.0
1242.0,0.0,14,Office,23871,-7.8,0.0,-13.9,0.0,1037.0,360.0,1.5,20.0,12.0,51.0,8,0,13.000001
854.0,0.0,8,Entertainment/public assembly,92288,28.9,2.0,23.9,0.0,1019.0,340.0,3.6,22.0,8.0,34.0,13,0,673.45795
1052.0,0.0,12,Retail,45305,4.3,5.0,2.3,4.145,986.5,240.0,13.0,8.0,2.0,6.0,19,0,70.25999
356.0,0.0,3,Public services,4336,13.9,3.158,6.7,0.0,1028.0,150.0,1.5,15.0,10.0,41.0,1,1,1.08
523.0,0.0,3,Entertainment/public assembly,9726,18.9,4.0,7.2,0.0,1018.0,190.0,2.6,10.0,3.0,10.0,1,0,0.93
1343.0,1.0,15,Office,110380,1.1,9.0,-6.7,-1.0,1004.0,140.0,5.7,9.0,2.0,6.0,4,0,8.481201
1009.0,3.0,10,Education,21892,19.4,0.0,-3.3,0.0,1013.0,0.0,0.0,12.0,7.0,28.0,3,0,2.388
776.0,0.0,6,Office,104667,12.8,0.0,11.1,0.0,1025.0,0.0,0.0,2.0,11.0,44.0,10,0,124.167015
1104.0,0.0,13,Public services,199722,11.1,0.0,1.1,0.0,1011.5,240.0,6.2,13.0,11.0,45.0,17,1,183.574
879.0,1.0,9,Education,110235,25.0,1.167,22.8,0.0,1012.5,160.0,3.6,6.0,10.0,40.0,8,0,1076.4698
1247.0,1.0,14,Food sales and service,69876,3.9,0.0,-5.0,0.0,1015.0,70.0,2.6,7.0,2.0,5.0,23,1,463.57404
808.0,0.0,8,Other,9357,30.6,2.666,20.0,0.0,1019.5,60.0,5.7,6.0,9.0,36.0,21,0,0.5417
176.0,0.0,2,Education,62238,36.1,4.0,15.0,0.0,1011.5,110.0,4.1,21.0,7.0,29.0,16,0,71.17001
35.0,0.0,0,Lodging/residential,41617,25.0,7.0,22.8,0.0,1016.5,0.0,0.0,6.0,8.0,31.0,5,1,221.14903
1056.0,0.0,12,Education,72958,4.9,7.0,4.6,4.145,1012.0,270.0,3.0,15.0,12.0,50.0,5,0,49.652496
1185.0,0.0,13,Office,129532,20.0,2.0,11.7,0.0,1012.0,170.0,5.7,11.0,10.0,41.0,18,0,160.73697
1233.0,0.0,14,Education,43143,11.7,1.5,-1.7,0.0,1022.5,350.0,6.2,25.0,10.0,43.0,18,0,37.8461
1226.0,2.0,14,Education,27995,18.9,0.0,12.8,0.0,1021.0,10.0,2.1,22.0,9.0,38.0,4,0,48.787796
47.0,0.0,0,Retail,31666,20.0,7.0,18.3,3.0,1011.5,290.0,2.1,20.0,3.0,11.0,5,1,0.0
1378.0,0.0,15,Education,214505,21.7,2.0,17.8,3.0,1018.0,310.0,9.8,29.0,5.0,21.0,20,1,788.54987
1263.0,1.0,14,Education,97838,-1.7,0.0,-6.7,0.0,1019.5,150.0,1.5,22.0,12.0,51.0,7,0,196.95697
720.0,0.0,5,Education,18202,6.0,0.0,3.0,-0.04166,1014.0,280.0,9.3,7.0,4.0,14.0,3,0,2.0110002
659.0,0.0,5,Entertainment/public assembly,15306,9.0,0.0,7.0,-0.04166,1014.0,120.0,11.3,1.0,1.0,53.0,20,0,9.9
723.0,0.0,5,Education,160038,1.0,0.0,0.0,-0.04166,1014.0,310.0,3.6,18.0,2.0,7.0,5,0,90.499985
1239.0,1.0,14,Office,31300,21.1,2.666,19.4,0.0,1013.5,160.0,2.6,28.0,6.0,26.0,8,0,224.33801
1021.0,3.0,10,Entertainment/public assembly,213762,22.2,0.0,6.7,0.0,1003.0,180.0,5.7,9.0,6.0,23.0,11,0,0.0
160.0,0.0,2,Entertainment/public assembly,15786,11.1,5.145,-2.2,0.0,1021.5,0.0,0.0,22.0,1.0,3.0,8,0,44.17
387.0,0.0,3,Education,104200,6.1,5.637,-5.0,0.0,1015.5,50.0,4.1,7.0,2.0,5.0,22,1,145.77
1015.0,1.0,10,Other,4607,3.9,0.0,0.0,0.0,1027.0,50.0,2.6,4.0,11.0,44.0,12,0,120.648994
95.0,0.0,0,Lodging/residential,200933,32.2,4.0,20.6,0.0,1017.0,0.0,0.0,27.0,6.0,26.0,18,0,673.1409
600.0,0.0,4,Education,44182,11.1,4.0,7.8,0.0,1018.5,140.0,6.7,12.0,3.0,10.0,13,1,68.8
801.0,2.0,7,Education,484376,32.7,0.1053,13.4,9.89,1013.5,220.0,1.5,10.0,8.0,32.0,23,0,386.91003
199.0,0.0,2,Parking,405083,23.9,0.0,5.6,0.0,1009.0,110.0,2.1,22.0,10.0,42.0,11,1,78.86001
917.0,0.0,9,Education,237702,27.2,0.0,21.7,0.0,1014.0,116.44,2.1,6.0,8.0,31.0,8,1,411.99997
161.0,0.0,2,Education,11329,31.1,2.0,11.7,0.0,1014.0,110.0,4.1,9.0,10.0,40.0,18,1,4.64
1042.0,0.0,12,Office,29547,0.7,4.0,-1.5,4.145,1019.0,320.0,7.0,14.0,2.0,6.0,22,1,51.01251
766.0,0.0,6,Office,64818,16.7,4.08,15.6,0.0,1013.0,200.0,1.5,2.0,5.0,18.0,12,0,102.18301
798.0,0.0,7,Education,409028,0.1,0.1053,-0.7,45.0,1006.5,60.0,7.2,24.0,2.0,8.0,22,0,1128.4797
1423.0,0.0,15,Lodging/residential,18277,5.0,0.0,-3.3,-0.7896,1020.0,80.0,2.6,21.0,4.0,16.0,7,0,10.225001
1017.0,1.0,10,Technology/science,109263,16.7,0.0,-1.1,0.0,1013.5,170.0,4.6,14.0,8.0,32.0,12,1,351.72302
1266.0,3.0,14,Public services,13469,20.6,1.0,17.2,0.0,1016.5,123.2,1.5,3.0,6.0,22.0,18,0,113.09
1145.0,2.0,13,Manufacturing/industrial,35201,-16.7,4.0,-20.0,0.0,1022.5,280.0,3.6,13.0,12.0,50.0,5,0,1422.8501
997.0,2.0,9,Office,38173,24.4,0.0,21.1,0.0,1017.0,172.8,1.5,20.0,10.0,42.0,14,0,54.899998
1294.0,2.0,14,Office,15649,3.3,0.0,-1.1,0.0,1018.5,360.0,3.6,2.0,2.0,5.0,5,0,118.01201
1350.0,2.0,15,Education,149762,-8.3,1.5,-13.9,0.06665,1024.0,160.0,5.1,17.0,12.0,50.0,3,1,470.80292
404.0,0.0,3,Public services,5783,-5.6,2.0,-16.1,0.0,1018.5,290.0,5.7,11.0,2.0,6.0,12,0,174.86998
126.0,0.0,1,Education,21539,7.9,0.0,2.3,0.0,996.5,250.0,6.7,18.0,11.0,46.0,14,0,106.59999
192.0,1.0,2,Education,151637,20.0,0.0,4.4,0.0,1012.5,90.0,3.1,12.0,10.0,41.0,13,0,658.4948
1098.0,2.0,13,Office,131745,23.9,8.0,19.4,0.0,1010.5,0.0,0.0,19.0,8.0,33.0,4,0,0.0
1227.0,1.0,14,Education,76903,4.4,0.5,-9.4,0.0,1020.5,280.0,3.1,5.0,3.0,9.0,20,1,224.37703
30.0,1.0,0,Education,93897,29.4,4.0,22.8,0.0,1016.0,110.0,1.5,22.0,9.0,38.0,15,0,5529.5576
1102.0,2.0,13,Office,87187,-6.7,8.0,-10.0,0.0,1021.5,150.0,3.1,20.0,1.0,3.0,21,0,4238.2812
965.0,0.0,9,Lodging/residential,45086,17.2,1.2,15.6,0.0,1018.5,200.0,2.1,29.0,2.0,9.0,14,0,33.0
669.0,0.0,5,Entertainment/public assembly,4768,10.0,0.0,7.0,-0.04166,1014.0,330.0,3.6,6.0,7.0,27.0,0,0,29.2
1418.0,0.0,15,Lodging/residential,41302,10.0,0.0,-1.1,-0.2,1007.0,230.0,3.6,11.0,11.0,45.0,2,0,24.324999
212.0,0.0,2,Education,327256,13.9,7.5,9.4,8.0,1011.0,350.0,2.6,5.0,1.0,1.0,2,0,846.0101
850.0,0.0,8,Public services,28590,27.2,4.75,18.9,0.0,1015.5,160.0,4.1,30.0,4.0,17.0,14,1,105.000015
994.0,0.0,9,Education,108392,23.3,2.0,16.7,0.0,1008.0,82.0,3.1,27.0,11.0,47.0,23,1,85.99999
1318.0,0.0,14,Entertainment/public assembly,73488,-2.8,0.2222,-9.4,0.0,1032.0,0.0,0.0,11.0,12.0,49.0,10,1,196.97397
694.0,0.0,5,Education,30613,3.0,0.0,0.0,-0.04166,1014.0,330.0,3.6,30.0,4.0,17.0,0,1,6.3
1115.0,0.0,13,Services,42028,17.2,2.941,7.8,0.0,1016.0,115.6,2.1,8.0,6.0,23.0,15,0,52.875996
1354.0,1.0,15,Education,23232,21.1,1.294,18.3,46.0,1023.0,90.0,2.1,28.0,8.0,34.0,1,1,13.982402
885.0,2.0,9,Lodging/residential,40697,29.4,3.334,20.6,0.0,1003.5,170.0,3.6,26.0,4.0,17.0,20,0,36.599995
1168.0,1.0,13,Office,577101,22.8,2.0,18.3,0.0,1006.5,240.0,4.6,13.0,7.0,28.0,11,0,2994.549
1204.0,2.0,13,Office,38382,26.1,7.5,20.0,0.0,1013.5,140.0,2.1,27.0,7.0,30.0,16,0,144.531
125.0,0.0,1,Education,16802,8.5,0.0,8.5,0.0,1010.0,310.0,3.6,25.0,3.0,12.0,5,0,142.79999
799.0,2.0,7,Education,527431,24.6,0.1053,8.4,2.0,1012.5,60.0,2.1,4.0,6.0,22.0,23,1,0.0
1214.0,2.0,13,Office,195437,22.8,0.0,8.3,0.0,1016.0,290.0,1.5,2.0,6.0,22.0,22,0,6937.501
793.0,1.0,7,Education,150695,-3.0,0.1053,-4.3,7.375,1011.0,50.0,2.6,5.0,12.0,49.0,17,0,0.0
252.0,1.0,2,Education,4314,12.8,0.0,2.2,0.0,1019.0,120.0,3.1,12.0,2.0,6.0,12,0,0.0
1208.0,1.0,13,Healthcare,121585,0.0,8.0,-2.2,-1.0,1010.5,310.0,4.6,8.0,1.0,1.0,23,0,0.0
832.0,0.0,8,Public services,26507,23.9,4.0,21.7,0.0,1016.5,0.0,0.0,24.0,9.0,38.0,11,1,70.0417
1368.0,1.0,15,Entertainment/public assembly,199037,12.8,1.333,3.9,4.832,1002.5,320.0,5.7,1.0,4.0,13.0,22,0,3.9871
205.0,1.0,2,Lodging/residential,60086,30.6,0.0,-10.6,0.0,1014.0,0.0,0.0,27.0,2.0,8.0,0,1,121.471985
7.0,1.0,0,Education,121074,23.3,2.0,21.7,0.0,1013.5,310.0,1.5,9.0,10.0,40.0,8,1,3714.5095
220.0,1.0,2,Education,122592,26.7,2.0,7.2,0.0,1011.0,130.0,3.1,22.0,10.0,42.0,16,1,818.26483
773.0,0.0,6,Lodging/residential,93313,1.1,0.2,-4.4,0.0,1010.0,0.0,0.0,18.0,1.0,3.0,3,0,62.1667
1447.0,0.0,15,Lodging/residential,29775,-1.1,0.5,-2.2,3.0,1015.5,310.0,5.7,28.0,12.0,52.0,7,0,144.22502
1339.0,0.0,15,Education,140488,18.3,1.5,17.8,10.0,1010.0,0.0,0.0,19.0,10.0,42.0,5,0,155.00003
1272.0,0.0,14,Public services,247471,20.0,1.8,17.2,0.0,1015.5,130.0,2.6,4.0,6.0,22.0,1,1,427.96594
612.0,0.0,4,Education,77055,20.6,2.0,13.3,0.0,1013.5,290.0,7.2,21.0,8.0,33.0,21,1,89.94179
1030.0,1.0,11,Education,68030,-4.9,8.305,-6.4,8.0,997.5,210.0,9.8,13.0,1.0,2.0,2,0,0.0
670.0,0.0,5,Healthcare,18471,8.0,0.0,7.0,-0.04166,1014.0,110.0,5.7,3.0,4.0,13.0,9,1,10.600001
956.0,0.0,9,Office,86167,20.6,0.0,5.6,0.0,1022.5,10.0,1.5,10.0,10.0,41.0,2,0,27.999998
633.0,0.0,4,Parking,98539,14.4,0.4443,13.3,-0.8335,1013.5,260.0,3.1,9.0,4.0,14.0,15,1,26.743296
498.0,0.0,3,Entertainment/public assembly,14842,24.4,4.0,12.2,0.0,1017.0,320.0,6.2,3.0,10.0,40.0,18,0,31.320002
201.0,3.0,2,Education,219608,35.0,4.668,16.7,0.0,1011.0,130.0,3.6,20.0,7.0,29.0,5,0,17.584297
1408.0,0.0,15,Entertainment/public assembly,28760,-11.1,0.0,-13.3,-0.1428,1016.5,10.0,1.5,23.0,1.0,3.0,11,1,43.924995
98.0,0.0,0,Lodging/residential,200933,26.7,2.0,24.4,0.0,1018.5,0.0,0.0,19.0,8.0,33.0,13,0,581.3711
187.0,0.0,2,Education,44203,15.0,0.0,-6.1,0.0,1013.5,120.0,2.6,27.0,3.0,12.0,12,1,36.909996
187.0,0.0,2,Education,44203,29.4,0.0,2.2,0.0,1013.5,130.0,2.1,17.0,6.0,24.0,15,0,52.610004
1311.0,3.0,14,Lodging/residential,66794,18.9,0.5713,15.6,0.0,1006.0,210.0,7.2,1.0,4.0,13.0,6,0,1.7306999
1088.0,1.0,13,Education,287594,-0.6,8.0,-2.2,5.0,1019.5,140.0,4.6,4.0,12.0,48.0,8,1,100.54301
898.0,1.0,9,Public services,64749,16.1,3.5,6.1,0.0,1016.0,310.0,4.6,21.0,1.0,3.0,20,0,89.046585
346.0,0.0,3,Entertainment/public assembly,17709,0.6,0.0,-8.9,0.0,1025.0,300.0,4.6,10.0,4.0,14.0,7,1,30.640003
833.0,0.0,8,Public services,6392,13.9,2.0,7.8,0.0,1024.0,10.0,8.8,5.0,1.0,1.0,14,0,15.0
285.0,0.0,2,Utility,21958,43.3,1.637,7.8,0.0,1007.5,250.0,5.1,5.0,7.0,27.0,22,0,1421.8497
916.0,0.0,9,Education,51778,3.3,0.0,0.0,0.0,1025.0,0.0,0.0,12.0,1.0,2.0,5,0,22.0
1362.0,1.0,15,Education,113988,-4.0,0.0,-12.0,-1.0,1018.0,170.0,2.6,7.0,1.0,1.0,3,0,19.4263
1097.0,2.0,13,Office,157545,2.2,7.5,-3.9,0.0,1021.0,30.0,2.6,18.0,3.0,11.0,20,0,1195.3099
731.0,0.0,5,Education,29149,13.0,0.0,11.0,-0.04166,1014.0,230.0,5.1,17.0,10.0,42.0,7,0,4.3
1301.0,1.0,14,Education,62242,8.3,0.1666,-5.6,0.0,1005.0,270.0,7.7,8.0,4.0,14.0,20,0,605.7931
1273.0,1.0,14,Office,104089,8.9,0.0,1.7,0.0,1013.0,110.0,4.6,1.0,3.0,9.0,23,0,2129.2605
949.0,0.0,9,Lodging/residential,86786,25.0,0.769,23.9,0.0,1016.5,0.0,0.0,6.0,9.0,36.0,10,0,73.00001
615.0,0.0,4,Education,153700,15.0,2.182,13.3,0.0,1011.0,320.0,2.6,31.0,7.0,30.0,12,1,814.4092
746.0,0.0,6,Office,17879,28.9,2.5,18.3,0.0,1020.0,180.0,6.2,17.0,9.0,37.0,19,1,56.050003
1011.0,3.0,10,Education,65144,30.0,0.0,6.7,0.0,1010.5,170.0,3.6,23.0,6.0,25.0,18,0,0.0
592.0,0.0,4,Education,120694,18.3,2.0,12.8,0.0,1014.0,310.0,5.7,2.0,8.0,31.0,2,0,362.88007
908.0,2.0,9,Education,91254,20.6,0.0,20.0,3.0,1010.5,140.0,4.1,30.0,3.0,13.0,5,0,0.0
153.0,0.0,1,Office,16092,19.9,0.0,16.3,0.0,1010.0,210.0,3.6,15.0,9.0,37.0,21,0,22.9
923.0,0.0,9,Education,24992,33.3,0.0,20.0,0.0,1012.5,150.0,4.1,1.0,8.0,31.0,1,0,27.000002
903.0,0.0,9,Education,275793,23.3,0.0,17.2,0.0,1013.5,0.0,0.0,21.0,4.0,16.0,1,0,591.99994
198.0,0.0,2,Office,163959,15.0,2.0,-4.4,0.0,1013.5,120.0,2.6,5.0,12.0,49.0,18,0,176.29001
837.0,0.0,8,Public services,33246,11.7,0.0,10.0,0.0,1017.0,0.0,0.0,17.0,11.0,46.0,7,0,18.750002
645.0,0.0,4,Education,304333,10.6,3.0,7.8,0.0,1021.5,0.0,0.0,12.0,12.0,50.0,6,0,1360.9203
837.0,0.0,8,Public services,33246,15.0,0.0,11.7,0.0,1017.5,240.0,1.5,8.0,5.0,18.0,9,1,24.999998
925.0,0.0,9,Education,54405,24.4,0.0,15.0,0.0,1021.0,110.0,1.5,28.0,10.0,43.0,2,0,13.000001
1283.0,1.0,14,Public services,76537,23.9,0.0,17.8,0.0,1017.5,190.0,4.6,28.0,5.0,21.0,4,1,5.391
1351.0,2.0,15,Office,40611,3.9,0.0,-1.7,-0.2942,1023.0,70.0,3.1,11.0,5.0,19.0,9,0,151.49896
740.0,0.0,5,Education,37975,12.0,0.0,11.0,-0.04166,1014.0,140.0,5.1,13.0,12.0,50.0,22,0,0.0004
626.0,0.0,4,Public services,130581,9.4,2.0,7.2,0.0,1030.0,110.0,1.5,6.0,2.0,5.0,7,1,72.50001
167.0,0.0,2,Lodging/residential,86323,14.4,4.0,0.0,0.0,1021.5,80.0,7.7,2.0,1.0,53.0,17,1,66.03999
1229.0,0.0,14,Office,27646,0.0,0.0,-6.1,0.0,1024.0,330.0,4.6,23.0,11.0,47.0,10,0,12.479999
264.0,1.0,2,Office,83660,15.6,0.0,0.0,0.0,1016.5,80.0,3.6,13.0,3.0,10.0,7,1,56.726784
1212.0,1.0,13,Public services,237518,-21.1,0.0,-24.4,0.0,1021.0,300.0,5.7,12.0,1.0,2.0,13,0,899.6402
1059.0,0.0,12,Entertainment/public assembly,116186,0.5,7.0,-0.9,4.145,1010.5,260.0,4.0,6.0,3.0,9.0,8,1,305.983
927.0,1.0,9,Lodging/residential,745671,23.3,0.0,22.2,0.0,1014.5,0.0,0.0,1.0,7.0,26.0,10,0,1848.9501
161.0,0.0,2,Education,11329,24.4,3.455,7.8,0.0,1010.0,270.0,4.6,1.0,11.0,44.0,5,0,15.99
1406.0,2.0,15,Lodging/residential,136522,25.6,1.75,21.1,3.0,1009.5,210.0,4.1,14.0,7.0,28.0,16,0,188.23102
1295.0,3.0,14,Office,115676,3.3,0.0,-0.6,0.0,1026.0,350.0,1.5,1.0,11.0,44.0,5,0,299.43494
701.0,0.0,5,Education,128682,16.0,0.0,9.0,-0.04166,1014.0,270.0,6.2,12.0,7.0,28.0,18,0,56.300007
957.0,2.0,9,Education,111195,13.9,0.0,-1.1,0.0,1032.0,183.1,3.1,20.0,3.0,11.0,17,1,94.54998
1203.0,2.0,13,Lodging/residential,138602,21.1,8.0,7.2,0.0,1021.0,50.0,7.7,19.0,4.0,16.0,0,0,914.0618
1198.0,0.0,13,Education,85164,13.3,1.875,7.2,0.0,1021.0,0.0,0.0,21.0,5.0,20.0,8,1,48.228004
1136.0,0.0,13,Office,79782,8.9,8.0,5.0,0.0,1022.0,340.0,3.6,30.0,10.0,43.0,4,1,39.567
1254.0,0.0,14,Education,24979,10.6,0.0,-5.0,0.0,1018.5,270.0,1.5,14.0,11.0,46.0,0,0,59.000004
1021.0,3.0,10,Entertainment/public assembly,213762,12.8,0.0,0.0,0.0,1022.0,20.0,1.5,7.0,4.0,14.0,16,0,0.0
905.0,0.0,9,Lodging/residential,39648,10.0,0.0,7.2,0.0,1018.0,350.0,1.5,7.0,12.0,49.0,2,0,34.000004
1232.0,1.0,14,Education,181328,13.9,0.0,4.4,0.0,1022.5,170.0,3.1,30.0,4.0,17.0,23,1,728.5631
1437.0,2.0,15,Education,111518,16.7,1.333,11.1,-1.0,1001.0,280.0,5.1,1.0,4.0,13.0,8,0,454.28693
995.0,2.0,9,Education,46230,17.8,0.5713,15.0,0.0,1016.5,20.0,4.1,12.0,4.0,15.0,10,0,36.599995
1314.0,0.0,14,Education,73813,12.8,0.0,-3.9,0.0,1018.0,230.0,2.1,13.0,11.0,45.0,22,1,0.0
1293.0,0.0,14,Office,51471,23.3,0.0,17.2,0.0,1018.5,0.0,0.0,9.0,8.0,32.0,2,0,77.55321
467.0,0.0,3,Public services,47439,-0.6,0.0,-11.1,0.0,1034.0,320.0,4.6,11.0,12.0,49.0,2,1,113.53997
1206.0,0.0,13,Office,99946,19.4,6.4,15.0,0.0,1004.0,210.0,5.1,15.0,10.0,41.0,15,1,69.36701
656.0,0.0,5,Other,5769,5.0,0.0,4.0,-0.04166,1014.0,70.0,6.7,20.0,11.0,46.0,22,1,14.199999
774.0,2.0,6,Lodging/residential,93500,-1.1,0.0,-8.9,0.0,1029.0,0.0,0.0,6.0,2.0,5.0,4,1,0.0
281.0,1.0,2,Food sales and service,28862,31.7,2.0,20.0,0.0,1008.0,290.0,4.1,9.0,8.0,32.0,14,0,277.05704
1063.0,0.0,12,Education,58157,7.5,6.0,4.6,4.145,1020.5,240.0,10.0,24.0,12.0,51.0,11,1,20.517498
1348.0,0.0,15,Education,131271,5.0,2.0,3.3,2.5,1014.5,300.0,2.6,9.0,5.0,19.0,8,0,526.62506
1374.0,1.0,15,Office,159662,13.9,2.0,11.7,-1.0,1025.0,0.0,0.0,3.0,9.0,35.0,14,1,39.971905
1289.0,1.0,14,Education,194441,19.4,0.0,14.4,0.0,1022.5,170.0,2.6,13.0,9.0,37.0,1,0,4520.1904
1382.0,0.0,15,Public services,243072,-5.6,1.0,-8.3,-1.0,1015.0,290.0,5.1,30.0,1.0,4.0,7,1,487.75
1218.0,2.0,13,Entertainment/public assembly,268480,16.1,2.0,3.9,0.0,1021.0,160.0,7.2,11.0,3.0,10.0,20,0,0.0
3.0,0.0,0,Education,23685,23.9,0.0,22.2,0.0,1016.0,110.0,2.1,2.0,6.0,22.0,7,0,398.95596
210.0,3.0,2,Education,71248,20.6,0.0,6.1,0.0,1010.0,60.0,1.5,10.0,5.0,19.0,12,0,2.9307
1232.0,0.0,14,Education,181328,4.4,0.0,-6.1,0.0,1010.0,210.0,3.6,28.0,1.0,4.0,20,0,0.0
197.0,0.0,2,Public services,102856,16.1,0.0,-8.3,0.0,1014.0,240.0,3.1,18.0,11.0,46.0,3,0,164.27002
980.0,1.0,9,Entertainment/public assembly,34819,35.0,2.0,20.6,0.0,1012.5,160.0,4.1,30.0,7.0,30.0,23,1,95.974785
901.0,1.0,9,Education,107730,18.9,0.0,17.2,0.0,1016.5,300.0,1.5,28.0,9.0,39.0,11,0,114.157
1064.0,0.0,12,Education,131212,3.9,5.0,-0.2,4.145,1000.0,240.0,5.0,9.0,4.0,14.0,10,1,179.458
1124.0,2.0,13,Lodging/residential,153299,7.2,8.0,5.6,13.0,1019.5,90.0,6.7,26.0,10.0,43.0,9,0,3398.4392
1251.0,1.0,14,Education,104604,13.3,0.0,2.2,0.0,1016.5,220.0,4.1,7.0,3.0,10.0,23,0,1557.3201
1367.0,2.0,15,Education,33695,25.0,2.0,8.9,0.0,1015.5,230.0,3.1,1.0,7.0,26.0,0,0,175.35603
1075.0,2.0,13,Office,72709,24.4,4.0,11.1,0.0,1014.0,360.0,7.7,30.0,6.0,26.0,23,0,0.0
920.0,0.0,9,Education,85623,31.1,2.0,22.8,0.0,1015.0,20.72,2.6,29.0,8.0,35.0,19,0,110.999985
1237.0,3.0,14,Office,42755,23.9,0.6,22.2,0.0,1017.5,240.0,3.6,15.0,8.0,33.0,5,0,0.0
1296.0,1.0,14,Office,8836,10.0,0.0,8.3,0.0,1006.0,200.0,2.6,8.0,5.0,18.0,3,1,134.88902
853.0,0.0,8,Entertainment/public assembly,26495,10.0,4.0,5.6,0.0,1026.0,10.0,3.1,25.0,1.0,4.0,14,0,11.583301
1171.0,0.0,13,Manufacturing/industrial,56851,24.4,2.0,13.9,0.0,1009.5,190.0,4.6,12.0,9.0,37.0,17,0,315.90897
686.0,0.0,5,Office,12206,5.0,0.0,3.0,-0.04166,1014.0,110.0,6.7,12.0,2.0,6.0,23,0,0.0
1123.0,0.0,13,Office,92994,20.6,2.5,10.0,0.0,1008.5,310.0,6.2,6.0,6.0,23.0,21,0,28.685001
380.0,0.0,3,Education,95100,14.4,7.25,13.3,3.0,1010.0,190.0,4.6,29.0,11.0,48.0,17,0,135.97003
1339.0,0.0,15,Education,140488,-10.6,2.572,-15.6,-1.0,1010.0,270.0,7.7,15.0,12.0,50.0,10,0,178.225
1198.0,0.0,13,Education,85164,17.8,0.0,9.4,0.0,1023.0,120.0,3.6,15.0,9.0,37.0,2,0,36.47
767.0,1.0,6,Office,70042,-7.2,0.0,-17.8,0.0,1032.0,160.0,1.5,16.0,12.0,50.0,13,0,152.38101
1159.0,1.0,13,Office,671507,17.8,0.0,10.6,0.0,1009.5,230.0,4.6,1.0,6.0,22.0,8,0,905.6381
952.0,1.0,9,Education,218024,18.9,0.0,17.2,0.0,1018.0,176.4,3.1,20.0,2.0,7.0,14,1,548.945
1249.0,0.0,14,Office,159384,12.2,0.0,10.0,0.0,1025.0,10.0,1.5,16.0,9.0,37.0,10,0,329.00003
1315.0,0.0,14,Entertainment/public assembly,82789,26.7,0.9414,23.9,-1.0,1019.0,230.0,2.6,11.0,8.0,32.0,13,0,81.24
1104.0,1.0,13,Public services,199722,17.8,3.637,11.7,0.0,1016.5,340.0,5.1,13.0,9.0,37.0,8,0,395.84198
464.0,0.0,3,Public services,9816,33.9,5.09,21.7,0.0,1016.0,50.0,1.5,17.0,8.0,33.0,22,0,33.56
297.0,0.0,3,Education,66200,6.1,8.0,-1.1,0.0,1018.5,60.0,6.2,20.0,3.0,11.0,15,1,97.050026
286.0,0.0,2,Lodging/residential,32841,6.1,0.0,-3.9,0.0,1016.0,310.0,5.7,2.0,2.0,5.0,10,0,31.830002
1386.0,0.0,15,Entertainment/public assembly,82035,-5.6,1.0,-8.9,-1.0,1016.0,270.0,3.6,30.0,1.0,4.0,9,1,118.04998
417.0,0.0,3,Education,69600,16.7,5.332,13.9,0.0,1026.0,30.0,5.1,6.0,10.0,40.0,13,0,166.90002
945.0,1.0,9,Office,332447,31.1,1.167,21.7,0.0,1012.0,129.2,2.1,6.0,10.0,40.0,18,0,1231.9202
1400.0,0.0,15,Lodging/residential,21168,22.2,0.625,16.7,-1.0,1018.0,180.0,4.6,17.0,9.0,37.0,18,1,35.125
1003.0,1.0,10,Education,94751,-10.6,9.0,-12.2,0.0,1036.0,160.0,2.1,27.0,12.0,52.0,2,0,58.520393
218.0,0.0,2,Public services,16411,13.3,8.0,11.7,13.0,1011.0,160.0,4.1,6.0,1.0,1.0,6,0,56.29001
1436.0,0.0,15,Manufacturing/industrial,11302,-8.9,2.5,-13.3,-1.0,1011.5,270.0,6.7,18.0,1.0,3.0,19,0,14.775001
1025.0,0.0,10,Lodging/residential,52034,21.1,0.0,-2.2,0.0,1011.0,340.0,4.1,5.0,9.0,36.0,23,0,56.749996
443.0,0.0,3,Education,109000,32.2,3.125,21.7,0.0,1008.5,330.0,4.1,7.0,7.0,27.0,22,0,99.70001
979.0,0.0,9,Entertainment/public assembly,52357,20.0,0.0,15.6,0.0,1017.0,0.0,0.0,22.0,4.0,16.0,4,0,35.0
857.0,0.0,8,Entertainment/public assembly,4000,32.2,4.0,14.4,0.0,1012.5,280.0,5.7,14.0,5.0,19.0,22,1,0.0
103.0,1.0,0,Education,21657,27.2,3.818,16.1,0.0,1015.0,60.0,7.7,25.0,4.0,17.0,21,0,0.0
252.0,1.0,2,Education,4314,18.9,1.6,1.7,0.0,1017.5,140.0,2.6,18.0,1.0,3.0,21,0,0.1055
1387.0,2.0,15,Office,187041,7.2,0.0,1.1,-1.0,1011.0,330.0,11.3,11.0,11.0,45.0,15,0,909.35895
645.0,0.0,4,Education,304333,11.7,1.846,7.8,0.0,1023.0,0.0,0.0,11.0,12.0,49.0,19,1,1442.0404
655.0,0.0,4,Education,222434,15.6,3.0,7.2,0.0,1016.5,210.0,5.7,18.0,2.0,7.0,21,0,142.04703
108.0,0.0,1,Education,81580,18.8,0.0,14.9,0.0,1013.5,210.0,5.7,28.0,7.0,30.0,15,0,237.07101
559.0,0.0,3,Education,48994,22.8,7.5,21.1,0.0,1017.0,140.0,2.1,4.0,6.0,22.0,13,1,57.51999
17.0,0.0,0,Office,15250,25.6,2.0,23.3,0.0,1016.5,20.0,4.1,26.0,8.0,34.0,5,0,83.6819
460.0,0.0,3,Public services,17927,17.8,1.8,3.9,0.0,1027.0,90.0,1.5,14.0,10.0,41.0,22,0,17.11
277.0,1.0,2,Education,12761,37.8,0.0,0.6,0.0,1000.5,360.0,3.1,6.0,9.0,36.0,1,0,46.598297
62.0,0.0,0,Lodging/residential,42731,20.0,0.0,15.6,0.0,1016.0,140.0,2.6,29.0,11.0,48.0,1,0,378.95706
1072.0,1.0,13,Healthcare,305000,-0.6,8.0,-1.7,3.0,1018.0,130.0,2.6,7.0,1.0,1.0,2,0,0.0
860.0,0.0,8,Other,12259,20.0,2.572,18.9,0.0,1016.5,270.0,3.1,16.0,3.0,11.0,8,0,2.8332999
1217.0,0.0,13,Education,73044,20.0,8.0,17.2,18.0,1011.0,270.0,11.3,19.0,8.0,33.0,8,0,126.90403
1076.0,2.0,13,Lodging/residential,117054,-2.8,8.0,-4.4,0.0,1010.5,140.0,2.6,25.0,1.0,4.0,13,0,906.25006
401.0,0.0,3,Entertainment/public assembly,12660,12.2,7.25,7.2,0.0,1018.5,0.0,0.0,13.0,3.0,10.0,4,1,15.260002
194.0,1.0,2,Office,155682,31.7,2.0,15.6,0.0,1011.0,163.1,1.5,22.0,8.0,34.0,17,0,501.29196
431.0,0.0,3,Parking,1760,18.9,2.0,17.8,0.0,1014.0,220.0,2.6,19.0,10.0,42.0,9,0,18.14
791.0,0.0,7,Education,150695,23.7,0.1053,11.9,2.0,1018.5,100.0,2.6,3.0,8.0,31.0,2,0,749.9498
1353.0,1.0,15,Religious worship,22201,7.8,0.3635,6.7,13.0,1000.0,310.0,3.6,1.0,12.0,48.0,7,0,4.1761
853.0,0.0,8,Entertainment/public assembly,26495,23.9,6.0,16.1,0.0,1023.5,90.0,6.7,11.0,12.0,49.0,18,1,22.624998
1139.0,0.0,13,Office,336650,23.3,6.8,19.4,0.0,1008.5,170.0,4.1,11.0,7.0,28.0,7,0,2665.1392
584.0,0.0,4,Education,137806,12.8,4.0,12.2,-1.0,1017.5,290.0,5.7,30.0,1.0,4.0,6,1,101.536026
1092.0,0.0,13,Office,105167,13.3,2.0,-2.8,0.0,1013.5,0.0,0.0,8.0,5.0,18.0,4,1,566.35803
29.0,1.0,0,Education,113866,22.8,2.0,21.7,0.0,1017.5,0.0,0.0,27.0,6.0,26.0,7,0,6584.8193
1150.0,0.0,13,Office,196043,5.6,7.5,-1.1,0.0,1005.5,250.0,4.6,17.0,3.0,11.0,5,0,62.632015
691.0,0.0,5,Office,42647,1.0,0.0,0.0,-0.04166,1014.0,310.0,3.6,18.0,2.0,7.0,5,0,2.0999997
1119.0,1.0,13,Office,119509,22.8,6.0,18.9,0.0,1012.5,230.0,3.1,11.0,6.0,23.0,12,1,368.18604
446.0,0.0,3,Public services,43992,6.7,5.637,-3.9,0.0,1020.0,350.0,2.6,7.0,2.0,5.0,17,1,198.03998
1094.0,0.0,13,Office,70852,16.1,4.0,-5.0,0.0,1013.0,10.0,3.6,8.0,5.0,18.0,2,1,39.705006
1393.0,0.0,15,Entertainment/public assembly,151900,32.8,1.818,20.0,-0.5,1011.0,310.0,6.7,22.0,7.0,29.0,19,0,157.47504
60.0,0.0,0,Education,81576,25.0,6.4,18.9,0.0,1019.0,40.0,5.7,11.0,10.0,41.0,21,0,606.7959
1157.0,2.0,13,Education,37107,25.6,2.0,13.3,0.0,1017.0,270.0,3.6,15.0,8.0,33.0,1,0,746.09393
707.0,0.0,5,Education,11270,16.0,0.0,15.0,-0.04166,1014.0,280.0,5.1,12.0,8.0,32.0,0,0,3.2000003
801.0,0.0,7,Education,484376,15.4,0.1053,10.3,16.4,1018.5,350.0,4.1,2.0,9.0,35.0,6,0,5287.1216
983.0,2.0,9,Entertainment/public assembly,122122,25.6,2.0,16.1,0.0,1016.0,320.0,3.1,1.0,3.0,9.0,18,0,445.29996
894.0,0.0,9,Education,101555,26.1,2.0,23.9,0.0,1017.5,137.1,3.1,6.0,9.0,36.0,5,0,64.000015
90.0,0.0,0,Lodging/residential,59200,26.1,2.0,24.4,0.0,1017.5,160.0,1.5,29.0,7.0,30.0,12,0,286.675
760.0,0.0,6,Office,49990,-5.6,9.0,-7.8,3.0,1028.0,0.0,0.0,15.0,2.0,7.0,16,0,275.36703
1206.0,0.0,13,Office,99946,4.4,0.0,1.7,0.0,1028.0,320.0,1.5,9.0,10.0,40.0,6,1,57.287003
358.0,0.0,3,Education,77700,18.9,2.0,14.4,0.0,1019.0,350.0,2.6,4.0,10.0,40.0,2,0,66.14999
910.0,1.0,9,Office,60096,26.1,0.0,16.7,0.0,1020.5,20.0,2.1,9.0,10.0,40.0,0,1,37.700603
564.0,0.0,3,Public services,89315,34.4,2.0,10.0,0.0,1017.0,340.0,3.6,14.0,9.0,37.0,21,0,27.340002
8.0,0.0,0,Education,60809,33.3,3.125,22.8,0.0,1019.0,200.0,3.6,4.0,7.0,27.0,21,0,406.12296
1180.0,1.0,13,Education,95182,21.7,2.0,-0.6,0.0,1010.5,130.0,3.6,8.0,5.0,18.0,23,1,48.6472
1289.0,1.0,14,Education,194441,10.6,1.0,7.2,0.0,1008.5,300.0,3.6,15.0,3.0,11.0,20,0,5724.762
891.0,0.0,9,Education,50846,15.6,0.769,10.0,0.0,1023.5,190.0,3.6,19.0,1.0,3.0,17,0,51.999996
1434.0,2.0,15,Education,33148,-0.6,2.0,-1.1,8.82,1022.5,70.0,2.1,29.0,10.0,43.0,6,1,781.2939
1009.0,3.0,10,Education,21892,2.8,0.0,-4.4,0.0,1010.0,0.0,0.0,8.0,3.0,10.0,8,0,4.6016
1234.0,3.0,14,Education,46037,-4.4,0.3076,-8.3,-1.0,1023.0,40.0,2.1,17.0,12.0,50.0,9,1,93.18688
1268.0,0.0,14,Office,43007,30.0,0.0,6.7,0.0,1017.5,260.0,4.6,25.0,5.0,21.0,20,0,51.398106
1013.0,1.0,10,Education,67377,14.4,0.0,1.7,0.0,1009.5,0.0,0.0,5.0,5.0,18.0,13,0,0.0006
1197.0,0.0,13,Services,50552,9.4,7.0,5.6,0.0,1003.0,40.0,3.1,17.0,11.0,46.0,15,0,216.328
942.0,0.0,9,Lodging/residential,57334,13.9,0.0,10.6,0.0,1024.0,0.0,0.0,24.0,11.0,47.0,15,0,42.000004
1071.0,0.0,13,Office,10385,-5.6,3.555,-18.9,-0.1177,1021.0,20.0,3.6,1.0,3.0,9.0,1,0,7.4329996
100.0,0.0,0,Lodging/residential,24456,26.1,8.0,23.3,-1.0,1010.0,240.0,5.7,7.0,6.0,23.0,16,0,114.124
183.0,0.0,2,Education,132518,29.4,2.0,-7.2,0.0,1013.5,320.0,6.2,18.0,4.0,16.0,22,0,188.20999
969.0,1.0,9,Education,193723,27.2,0.0,18.3,0.0,1006.5,100.0,2.6,30.0,4.0,17.0,20,1,563.92706
434.0,0.0,3,Education,39500,23.3,7.332,22.8,36.0,1011.5,220.0,2.1,5.0,7.0,27.0,7,0,2.84
1347.0,0.0,15,Education,322341,3.3,0.0,2.2,-0.3333,1022.5,150.0,3.1,18.0,5.0,20.0,3,0,919.7751
427.0,0.0,3,Public services,14269,26.7,4.0,22.8,0.0,1018.5,200.0,2.1,17.0,8.0,33.0,9,0,27.53
995.0,1.0,9,Education,46230,22.8,1.053,22.2,15.0,1016.5,0.0,0.0,16.0,8.0,33.0,14,0,192.05502
818.0,0.0,8,Public services,3648,22.8,5.0,19.4,0.0,1019.5,20.0,3.6,12.0,10.0,41.0,1,0,6.375
927.0,1.0,9,Lodging/residential,745671,12.8,0.3333,10.0,0.0,1019.0,0.0,0.0,3.0,5.0,18.0,11,0,2228.14
393.0,0.0,3,Education,59400,2.2,6.2,-1.7,0.0,1009.0,330.0,4.1,17.0,1.0,2.0,23,1,30.31
759.0,0.0,6,Lodging/residential,48519,0.0,0.0,-3.3,0.0,1021.0,0.0,0.0,28.0,11.0,48.0,9,0,17.3333
594.0,0.0,4,Education,177281,15.6,3.273,12.2,0.0,1013.0,290.0,4.1,21.0,9.0,38.0,7,0,331.79593
1162.0,0.0,13,Office,72958,-2.2,0.0,-9.4,0.0,1027.0,140.0,2.6,21.0,11.0,47.0,0,0,33.0
1129.0,2.0,13,Office,133100,21.7,7.0,15.6,0.0,1010.5,190.0,3.6,31.0,5.0,22.0,22,0,421.87503
650.0,0.0,4,Education,75228,13.9,2.666,11.1,0.0,1015.0,290.0,1.5,15.0,5.0,19.0,13,1,123.49998
161.0,1.0,2,Education,11329,31.1,6.0,2.8,0.0,1003.5,250.0,5.7,15.0,4.0,15.0,0,0,1.6881
1117.0,2.0,13,Office,111424,19.4,2.0,16.7,0.0,1009.5,110.0,4.6,26.0,5.0,21.0,5,0,328.12503
637.0,0.0,4,Education,4189,16.7,2.0,12.8,0.0,1020.5,100.0,2.1,24.0,9.0,38.0,7,1,0.135
1256.0,2.0,14,Office,37917,-1.7,1.25,-10.6,0.0,1008.5,290.0,4.1,11.0,2.0,6.0,4,0,678.59485
167.0,3.0,2,Lodging/residential,86323,10.0,2.445,5.6,-1.0,1017.5,90.0,3.1,9.0,1.0,1.0,5,1,5.8614
1295.0,2.0,14,Office,115676,9.4,0.8,0.6,0.0,1021.0,340.0,4.6,28.0,10.0,43.0,16,0,982.16705
791.0,2.0,7,Education,150695,25.8,0.1053,16.2,6.0,1015.0,280.0,4.1,26.0,8.0,34.0,17,0,0.0
1237.0,0.0,14,Office,42755,30.6,2.0,18.3,0.0,1018.0,250.0,3.1,17.0,7.0,28.0,18,1,24.000002
762.0,0.0,6,Education,53651,28.3,0.0,15.0,0.0,1018.5,130.5,1.695,2.0,7.0,26.0,17,1,115.183
917.0,0.0,9,Education,237702,27.2,2.0,23.9,0.0,1012.0,210.0,2.1,8.0,8.0,32.0,14,0,451.9999
1174.0,0.0,13,Other,27648,26.1,4.0,20.0,0.0,1013.5,150.0,2.6,18.0,8.0,33.0,15,0,25.961996
1201.0,1.0,13,Education,73597,11.7,0.0,0.6,0.0,1015.5,350.0,4.1,4.0,5.0,18.0,14,0,39.3176
941.0,0.0,9,Lodging/residential,8079,10.0,0.0,0.6,0.0,1022.0,0.0,0.0,2.0,3.0,9.0,12,0,3.3600001
1021.0,0.0,10,Entertainment/public assembly,213762,-3.3,0.0,-7.2,0.0,1026.0,170.0,3.1,24.0,2.0,8.0,12,0,217.24998
1339.0,1.0,15,Education,140488,-5.0,1.5,-8.3,-1.0,1027.0,160.0,3.1,6.0,2.0,5.0,10,1,1.1128
337.0,0.0,3,Entertainment/public assembly,22334,6.1,6.0,-5.0,0.0,1026.0,170.0,4.6,6.0,2.0,5.0,21,1,96.35999
1322.0,1.0,14,Entertainment/public assembly,166489,11.1,0.8887,9.4,-1.0,1009.5,340.0,1.5,22.0,5.0,20.0,10,1,173.91698
973.0,2.0,9,Office,193960,15.0,0.2,12.8,0.0,1020.0,170.0,2.6,6.0,3.0,9.0,10,1,73.2
1314.0,0.0,14,Education,73813,0.0,1.111,-7.2,0.0,1025.0,50.0,2.6,6.0,3.0,9.0,13,1,264.48495
1331.0,0.0,15,Education,171008,11.7,0.0,5.6,-0.3333,1023.0,280.0,4.1,18.0,5.0,20.0,15,0,243.57504
668.0,0.0,5,Entertainment/public assembly,47275,15.0,0.0,11.0,-0.04166,1014.0,210.0,3.6,21.0,9.0,38.0,23,0,34.599995
1324.0,3.0,14,Entertainment/public assembly,84688,0.6,0.0,-10.0,0.0,1031.0,340.0,3.6,19.0,12.0,51.0,4,0,633.096
1171.0,2.0,13,Manufacturing/industrial,56851,-6.7,8.0,-12.2,-1.0,1010.0,270.0,9.3,7.0,12.0,49.0,2,0,1121.09
75.0,1.0,0,Education,80942,21.1,2.334,17.8,0.0,1018.5,60.0,3.1,31.0,10.0,44.0,3,0,0.0
185.0,0.0,2,Education,84300,35.6,3.125,17.8,0.0,1005.0,80.0,2.1,6.0,8.0,31.0,2,1,61.00999
1011.0,0.0,10,Education,65144,18.3,0.0,-0.6,0.0,1008.0,205.8,2.752,23.0,5.0,21.0,23,0,65.63
414.0,0.0,3,Entertainment/public assembly,36387,3.9,2.934,-7.2,0.0,1024.0,0.0,0.0,25.0,1.0,4.0,19,0,56.61
1303.0,2.0,14,Healthcare,200000,13.9,0.0,5.0,0.0,1021.0,0.0,0.0,5.0,11.0,44.0,23,1,4320.4795
524.0,0.0,3,Public services,134114,20.6,6.0,5.6,0.0,1012.5,320.0,5.7,13.0,6.0,24.0,6,0,116.289986
1305.0,0.0,14,Lodging/residential,37803,8.9,1.333,3.9,0.0,1021.5,350.0,3.1,24.0,11.0,47.0,22,0,13.008598
951.0,1.0,9,Office,103924,3.3,0.0,-3.3,0.0,1026.0,0.0,0.0,28.0,1.0,4.0,5,0,134.906
1386.0,1.0,15,Entertainment/public assembly,82035,26.1,4.0,20.6,7.332,1010.5,180.0,3.6,11.0,9.0,36.0,2,1,241.24998
723.0,0.0,5,Education,160038,13.0,0.0,12.0,-0.04166,1014.0,280.0,6.7,14.0,6.0,24.0,15,0,176.79999
523.0,0.0,3,Entertainment/public assembly,9726,6.1,5.8,-5.0,0.0,1007.0,260.0,8.8,12.0,1.0,2.0,23,0,4.3199997
291.0,0.0,3,Public services,90635,14.4,3.23,10.0,0.0,1029.0,120.0,3.6,12.0,10.0,41.0,2,0,177.58
1259.0,2.0,14,Education,71088,22.8,1.429,20.6,0.0,1008.0,120.0,3.1,10.0,7.0,27.0,1,1,0.41350004
832.0,0.0,8,Public services,26507,21.7,5.6,18.9,0.0,1016.0,60.0,5.7,16.0,4.0,15.0,1,1,45.875004
340.0,0.0,3,Entertainment/public assembly,1843,6.1,8.0,4.4,0.0,1020.5,30.0,1.5,9.0,1.0,1.0,5,1,13.43
1417.0,0.0,15,Lodging/residential,40451,-2.2,0.0,-3.3,-1.0,1030.0,100.0,1.5,15.0,4.0,15.0,5,0,99.075
583.0,0.0,4,Education,206054,12.8,0.0,7.2,0.0,1019.5,0.0,0.0,16.0,4.0,15.0,8,1,511.0
1228.0,3.0,14,Office,162549,17.2,0.0,-3.3,0.0,1024.0,320.0,5.1,10.0,10.0,41.0,19,0,0.0
992.0,0.0,9,Office,51483,22.8,4.0,22.8,-1.0,1015.5,120.0,2.1,2.0,11.0,44.0,10,0,50.0
795.0,3.0,7,Education,387500,10.1,0.1053,4.2,6.8,998.0,210.0,4.1,11.0,11.0,45.0,1,0,1199.6698
627.0,0.0,4,Education,56637,16.1,2.285,12.8,0.0,1015.0,280.0,2.6,22.0,8.0,34.0,17,0,132.25002
1088.0,2.0,13,Education,287594,23.3,8.0,16.1,0.0,1008.5,100.0,3.1,7.0,7.0,27.0,6,0,4343.749
1318.0,1.0,14,Entertainment/public assembly,73488,-0.6,0.0,-13.9,0.0,1015.0,270.0,8.2,11.0,1.0,2.0,17,0,234.58896
191.0,3.0,2,Education,78268,32.8,0.0,1.7,0.0,1009.5,290.0,2.1,18.0,9.0,37.0,4,1,0.0
513.0,0.0,3,Public services,112283,4.4,2.0,-7.8,0.0,1028.0,320.0,7.7,5.0,2.0,5.0,23,0,191.75
979.0,0.0,9,Entertainment/public assembly,52357,10.6,0.0,-1.1,0.0,1025.0,0.0,0.0,17.0,2.0,7.0,14,0,82.999985
1100.0,2.0,13,Lodging/residential,174924,30.6,4.0,20.0,0.0,1015.0,180.0,4.1,2.0,8.0,31.0,22,0,93.75
913.0,0.0,9,Entertainment/public assembly,503634,23.3,0.0,22.2,0.0,1016.0,360.0,1.5,29.0,6.0,26.0,6,0,384.99994
1357.0,0.0,15,Office,21618,16.0,2.5,7.0,7.75,1019.0,330.0,7.2,12.0,6.0,23.0,19,1,6.0250006
1121.0,1.0,13,Education,85732,14.4,2.0,3.3,0.0,1026.0,150.0,5.7,9.0,10.0,40.0,20,1,13.6612
689.0,0.0,5,Office,11442,8.0,0.0,8.0,-0.04166,1014.0,300.0,3.1,23.0,5.0,21.0,0,0,7.6099997
571.0,0.0,4,Education,47954,21.1,2.0,13.9,0.0,1010.5,300.0,8.2,17.0,8.0,33.0,21,0,37.25
985.0,0.0,9,Office,34758,23.9,0.0,21.1,0.0,1012.5,171.6,2.1,17.0,10.0,42.0,6,0,0.0
749.0,0.0,6,Lodging/residential,35936,18.9,0.0,3.9,0.0,1019.5,170.0,2.6,18.0,11.0,46.0,22,0,43.6667
271.0,0.0,2,Education,71421,22.2,5.5,8.3,0.0,1008.5,260.0,4.6,18.0,5.0,20.0,10,0,133.84001
1097.0,0.0,13,Office,157545,23.9,4.0,10.0,0.0,1019.0,180.0,3.1,2.0,7.0,26.0,19,1,209.06697
537.0,0.0,3,Education,73200,2.8,5.816,1.7,0.0,1037.0,0.0,0.0,26.0,12.0,52.0,5,0,152.23
1077.0,2.0,13,Entertainment/public assembly,19454,-3.9,8.0,-4.4,0.0,1011.5,160.0,1.5,24.0,1.0,3.0,11,1,554.75006
