building_id,meter,site_id,primary_use,square_feet,air_temperature,cloud_coverage,dew_temperature,precip_depth_1_hr,sea_level_pressure,wind_direction,wind_speed,day,month,week,is_weekend,meter_reading
545,0,3,Education,21903,11.7,2.0,8.9,0.0,1028.3,0.0,0.0,15.0,10.0,41.0,1,48.02
1294,1,14,Office,15649,-4.4,9.0,-6.1,-1.0,1003.5,50.0,10.8,23.0,1.0,3.0,1,103.5
1377,1,15,Education,74599,12.8,2.4,12.2,5.0,1014.3,0.0,0.0,3.0,11.0,44.0,0,186.75598
1267,0,14,Education,138977,8.9,0.571429,-1.1,0.0,1009.6,280.0,7.2,29.0,3.0,13.0,0,135.435
481,0,3,Education,104294,31.7,4.0,20.6,0.0,1016.3,70.0,4.1,2.0,8.0,31.0,0,157.74004
930,0,9,Office,20917,13.3,0.0,4.4,0.0,1016.6,130.0,3.1,20.0,1.0,3.0,0,26.000002
1239,0,14,Office,31300,3.3,0.0,-3.3,0.0,1020.5,360.0,5.1,26.0,3.0,12.0,1,18.0
377,0,3,Public services,12506,12.8,7.75,10.6,5.10526,1021.7,60.0,2.6,11.0,5.0,19.0,0,6.4000006
1353,0,15,Religious worship,22201,25.0,4.0,19.4,6.5,1009.8,230.0,1.5,8.0,7.0,27.0,0,9.825001
1266,3,14,Public services,13469,20.6,0.555556,8.3,0.0,1017.1,180.0,5.7,26.0,9.0,39.0,0,123.84901
328,0,3,Education,47200,21.7,4.0,12.2,0.0,1017.4,360.0,3.1,3.0,10.0,40.0,0,26.160004
776,0,6,Office,104667,9.4,0.0,0.6,0.0,1019.6,194.091,2.1,20.0,2.0,7.0,1,77.79999
776,1,6,Office,104667,28.3,0.0,21.1,0.0,1016.6,177.0,1.5,22.0,7.0,29.0,0,447.276
509,0,3,Other,10578,8.3,6.8,6.1,-1.0,1009.9,30.0,3.6,15.0,3.0,11.0,0,57.699997
29,1,0,Education,113866,23.3,7.0,21.7,0.0,1026.7,10.0,3.6,20.0,12.0,51.0,0,0.0
606,0,4,Utility,23432,9.4,2.77778,8.9,0.0,1021.3,60.0,2.6,10.0,1.0,1.0,1,54.824986
89,0,0,Retail,161755,26.7,2.0,25.0,0.0,1019.8,60.0,3.1,16.0,8.0,33.0,0,1448.31
211,0,2,Education,48411,41.7,2.0,10.0,0.0,1008.2,226.19,1.5,4.0,7.0,27.0,0,236.47
519,0,3,Public services,461647,13.9,8.0,7.8,-1.0,1015.9,350.0,11.3,9.0,10.0,40.0,1,785.8798
377,0,3,Public services,12506,13.3,8.0,8.9,0.0,1022.8,210.0,2.1,17.0,5.0,20.0,0,8.440001
223,0,2,Education,261188,42.8,2.0,10.0,0.0,1004.2,330.0,2.1,29.0,6.0,26.0,0,2955.8604
951,1,9,Office,103924,26.1,2.0,17.2,0.0,1008.0,190.0,4.6,23.0,3.0,12.0,0,330.689
1320,0,14,Entertainment/public assembly,34565,5.6,2.0,-4.4,0.0,1019.8,230.0,3.6,13.0,12.0,50.0,0,86.25292
1090,0,13,Office,305047,17.8,0.0,13.3,0.0,1017.9,200.0,2.1,3.0,7.0,26.0,1,222.98299
1288,1,14,Education,164206,5.0,0.25,3.9,0.0,1015.2,240.0,1.5,5.0,12.0,49.0,0,423.32208
1285,2,14,Healthcare,130067,10.0,0.0,1.7,0.0,1020.0,350.0,5.7,10.0,10.0,41.0,0,345.92303
64,0,0,Lodging/residential,53130,23.9,4.0,13.9,0.0,1024.9,90.0,6.2,11.0,4.0,15.0,0,0.0
1300,3,14,Healthcare,25609,5.6,0.0,1.1,0.0,1008.1,0.0,0.0,1.0,2.0,5.0,0,171.91301
1437,2,15,Education,111518,22.2,1.2,11.1,2.83333,999.9,270.0,7.7,7.0,6.0,23.0,0,321.35605
533,0,3,Lodging/residential,11900,6.1,7.5,1.7,0.0,1021.5,40.0,2.6,23.0,2.0,8.0,0,57.100006
1154,0,13,Lodging/residential,262156,-14.4,0.0,-19.4,0.0,1029.8,200.0,4.1,19.0,12.0,51.0,0,339.53998
1228,1,14,Office,162549,30.6,0.0,12.2,0.0,1017.7,230.0,3.1,29.0,5.0,21.0,1,1612.9099
439,0,3,Office,62205,35.0,2.0,25.0,0.0,1013.2,170.0,6.7,13.0,8.0,32.0,1,169.24004
15,1,0,Office,83957,25.6,3.73684,14.4,0.0,1019.0,180.0,3.1,13.0,11.0,45.0,1,1646.2001
138,3,1,Public services,118231,11.5,0.0,10.5,0.0,1008.2,120.0,3.1,15.0,10.0,41.0,1,10.000001
249,0,2,Entertainment/public assembly,179449,6.7,0.0,-3.3,0.0,1016.0,320.0,3.1,2.0,2.0,5.0,0,420.4699
247,1,2,Education,64560,19.4,6.4,6.1,0.0,1011.8,230.0,1.5,16.0,12.0,50.0,0,219.66202
44,0,0,Retail,283,17.8,4.0,14.4,0.0,1022.1,20.0,3.1,7.0,11.0,45.0,0,9.828901
1355,1,15,Education,50567,15.0,0.0,9.4,-1.0,1019.0,280.0,1.5,3.0,7.0,26.0,1,1.2630001
945,1,9,Office,332447,11.1,0.0,8.3,0.0,1020.1,340.0,2.1,14.0,12.0,50.0,0,174.61195
1390,0,15,Entertainment/public assembly,93608,-7.2,4.0,-10.0,-1.0,1010.1,270.0,4.1,11.0,1.0,2.0,0,102.85001
1212,2,13,Public services,237518,27.8,2.0,17.2,0.0,1013.3,160.0,5.7,25.0,6.0,25.0,1,742.188
1301,3,14,Education,62242,25.0,4.0,20.6,0.0,1005.7,210.0,4.6,5.0,6.0,22.0,1,0.716
766,0,6,Office,64818,13.3,0.0,0.6,0.0,1022.3,190.0,4.6,21.0,4.0,16.0,0,46.383305
1191,1,13,Education,192152,16.1,4.0,8.3,0.0,1013.6,0.0,0.0,8.0,6.0,23.0,0,629.082
79,0,0,Office,36240,30.6,2.375,23.9,0.0,1017.8,20.0,3.1,17.0,9.0,37.0,1,699.4881
1228,1,14,Office,162549,28.3,0.0,11.1,0.0,1011.7,230.0,3.6,15.0,6.0,24.0,0,1756.8597
1307,2,14,Lodging/residential,66013,11.7,0.0,3.3,0.0,1017.7,230.0,3.1,13.0,3.0,10.0,1,101.88601
256,1,2,Education,16744,16.7,5.66667,3.9,0.0,1016.2,0.0,0.0,11.0,12.0,49.0,1,1.1606
155,0,1,Office,51688,19.7,0.0,6.5,0.0,1014.1,150.0,2.1,10.0,6.0,23.0,0,91.25
1099,0,13,Education,332884,23.3,4.0,14.4,0.0,1016.8,145.652,1.5,24.0,6.0,25.0,0,546.66595
76,0,0,Education,128887,13.9,4.0,11.1,0.0,1028.7,350.0,2.6,19.0,2.0,7.0,0,0.0
229,1,2,Education,140092,30.6,4.8,12.8,-1.0,1010.3,310.0,3.6,18.0,8.0,33.0,0,779.72095
638,0,4,Education,7900,12.8,2.0,9.4,0.0,1017.4,310.0,3.1,3.0,5.0,18.0,0,4.44
1410,0,15,Office,11524,16.7,0.0,14.4,-1.0,1017.2,80.0,2.1,24.0,7.0,29.0,1,4.9000006
844,0,8,Entertainment/public assembly,6944,31.1,4.0,22.2,0.0,1019.5,70.0,2.1,4.0,9.0,35.0,1,24.509996
1214,2,13,Office,195437,26.1,4.0,17.2,0.0,1010.0,260.0,8.8,17.0,7.0,28.0,1,15374.998
1295,2,14,Office,115676,28.3,0.0,15.6,0.0,1019.8,130.0,1.5,21.0,9.0,38.0,0,665.32
838,0,8,Public services,18414,23.9,6.5,20.6,0.0,1016.9,0.0,0.0,2.0,10.0,39.0,1,50.0
139,0,1,Public services,56629,12.9,0.0,10.1,0.0,1018.4,300.0,5.1,17.0,9.0,37.0,1,79.249985
826,0,8,Public services,19446,11.1,6.0,8.9,0.0,1022.7,0.0,0.0,29.0,2.0,9.0,0,51.166702
1394,1,15,Entertainment/public assembly,16351,0.6,2.4,-2.8,-1.0,1024.0,320.0,2.6,4.0,12.0,48.0,1,0.0
126,0,1,Education,21539,8.4,0.0,8.2,0.0,1010.0,210.0,7.7,19.0,2.0,7.0,0,117.99998
371,0,3,Entertainment/public assembly,5554,16.7,2.0,-1.7,0.0,1027.2,50.0,3.1,20.0,4.0,16.0,0,4.08
809,0,8,Entertainment/public assembly,520,17.2,2.0,16.1,0.0,1013.4,30.0,4.6,9.0,1.0,1.0,1,0.0
1253,1,14,Education,134748,31.7,0.0,18.9,0.0,1006.3,280.0,2.6,7.0,7.0,27.0,0,1875.2202
750,0,6,Education,35990,19.4,2.0,12.2,0.0,1025.6,10.0,3.6,6.0,10.0,40.0,0,189.16704
1093,1,13,Office,47578,4.4,5.66667,2.2,0.0,995.8,0.0,0.0,28.0,2.0,8.0,1,0.0
1355,0,15,Education,50567,3.9,0.0,3.3,4.5,1024.1,80.0,1.5,25.0,9.0,38.0,1,38.75
1237,3,14,Office,42755,3.3,1.52632,1.7,3.0,1021.2,70.0,8.2,24.0,2.0,8.0,0,269.66296
136,0,1,Lodging/residential,56467,11.9,0.0,10.4,0.0,1005.9,10.0,3.6,13.0,5.0,19.0,0,44.938
1172,2,13,Manufacturing/industrial,63847,24.4,8.0,21.1,0.0,1015.7,140.0,3.1,2.0,8.0,31.0,0,19.5312
540,0,3,Education,88300,13.9,2.0,0.0,0.0,1019.6,340.0,7.7,12.0,11.0,45.0,1,206.87996
876,2,9,Education,55240,25.6,0.375,23.3,0.0,1012.8,210.0,3.6,17.0,6.0,24.0,0,0.0
605,0,4,Education,51020,16.7,2.0,10.6,0.0,1019.5,210.0,2.1,16.0,4.0,15.0,1,14.017499
704,0,5,Education,17050,8.0,0.0,7.0,-0.0416667,1013.76,270.0,3.1,18.0,4.0,16.0,0,3.4
180,1,2,Education,24586,24.4,0.0,2.2,0.0,1008.9,80.0,2.6,16.0,9.0,37.0,0,17.0567
254,1,2,Entertainment/public assembly,254766,27.8,2.0,4.4,0.0,1010.5,90.0,1.5,3.0,6.0,22.0,0,1140.4801
929,2,9,Education,199628,22.2,0.0,17.2,0.0,1016.7,0.0,0.0,28.0,9.0,39.0,0,33.55
332,0,3,Education,90400,-2.8,8.0,-13.9,0.0,1030.2,170.0,4.1,17.0,12.0,50.0,1,540.0501
189,0,2,Education,7481,34.4,0.0,-2.8,0.0,1007.8,270.0,5.7,14.0,6.0,24.0,0,5.47
1130,1,13,Education,280225,7.8,7.5,-0.6,0.0,1020.3,20.0,3.1,1.0,5.0,17.0,1,0.0
789,2,7,Education,64583,11.7,0.105263,3.5,16.5,1019.3,170.0,1.5,16.0,10.0,41.0,1,168.85999
285,1,2,Utility,21958,21.1,3.69231,6.1,0.0,1013.9,100.0,1.5,3.0,11.0,44.0,0,1299.4398
303,0,3,Entertainment/public assembly,15950,6.7,6.0,1.7,0.0,1016.0,180.0,3.6,27.0,1.0,4.0,0,18.52
334,0,3,Education,57100,11.1,6.0,0.6,0.0,1020.3,140.0,1.5,22.0,2.0,8.0,0,31.95
1022,0,10,Education,84346,22.2,0.0,3.9,0.0,1010.9,160.0,5.7,26.0,7.0,30.0,0,115.380005
1329,0,15,Technology/science,60100,-2.2,0.0,-5.0,-1.0,1006.7,270.0,7.2,30.0,12.0,52.0,0,167.8
1303,2,14,Healthcare,200000,26.1,0.0,17.2,0.0,1015.9,180.0,2.1,5.0,8.0,31.0,0,1673.0798
1426,2,15,Entertainment/public assembly,15450,17.8,0.333333,15.0,-1.0,1012.3,150.0,3.6,21.0,10.0,42.0,0,44.881805
1009,0,10,Education,21892,30.0,0.0,-3.9,0.0,1010.8,230.0,4.1,20.0,9.0,38.0,0,17.13
1321,3,14,Entertainment/public assembly,370024,22.8,0.0,16.7,0.0,1018.0,170.0,3.1,5.0,8.0,31.0,0,697.5181
1160,1,13,Office,80205,7.8,0.0,-1.7,0.0,1022.1,160.0,1.5,11.0,3.0,10.0,0,0.0
942,1,9,Lodging/residential,57334,9.4,0.0,-1.7,0.0,1026.4,0.0,0.0,20.0,3.0,11.0,1,119.22102
887,0,9,Lodging/residential,69754,19.4,2.0,17.8,-1.0,1012.4,102.778,2.66522,19.0,5.0,20.0,0,40.0
377,0,3,Public services,12506,31.7,3.26316,13.3,0.0,1013.6,360.0,2.1,7.0,8.0,31.0,1,21.219997
1189,1,13,Office,98212,24.4,0.0,13.3,0.0,1008.7,240.0,4.1,26.0,5.0,21.0,0,493.136
920,0,9,Education,85623,21.1,0.0,18.3,0.0,1020.3,0.0,0.0,11.0,9.0,36.0,1,84.0
1150,1,13,Office,196043,17.2,0.0,3.9,0.0,1026.4,40.0,1.5,3.0,11.0,44.0,0,0.0
890,0,9,Education,202937,23.9,4.0,19.4,0.0,1014.7,87.6471,3.1,24.0,12.0,51.0,1,365.99994
761,0,6,Entertainment/public assembly,52534,8.9,0.0,5.6,3.0,1015.7,0.0,0.0,14.0,11.0,46.0,0,20.508303
220,3,2,Education,122592,25.6,0.0,1.1,0.0,1002.7,250.0,2.6,15.0,4.0,15.0,0,8.7921
173,1,2,Education,90903,22.8,0.0,-2.8,0.0,1010.8,240.0,2.6,25.0,5.0,21.0,0,162.654
853,0,8,Entertainment/public assembly,26495,26.7,8.0,23.9,0.0,1016.7,170.0,2.1,15.0,9.0,37.0,0,0.0
349,0,3,Public services,45098,13.9,2.0,5.6,0.0,1022.4,160.0,2.6,9.0,3.0,10.0,0,87.85999
26,0,0,Office,26953,28.9,3.5,19.4,0.0,1017.3,100.0,8.2,16.0,5.0,20.0,0,0.0
988,0,9,Office,24463,14.4,0.0,10.0,0.0,1018.0,300.0,2.1,4.0,5.0,18.0,0,34.000004
605,0,4,Education,51020,13.3,0.833333,8.3,-1.0,1024.5,150.0,3.1,28.0,1.0,4.0,0,19.452497
34,0,0,Lodging/residential,42731,15.6,4.44444,9.4,0.0,1017.7,140.0,4.6,22.0,1.0,3.0,0,0.0
245,1,2,Education,88486,38.9,2.0,10.6,0.0,1011.8,270.0,4.6,10.0,9.0,36.0,1,99.17521
1276,1,14,Office,53860,27.8,4.0,15.6,0.0,1011.0,320.0,5.7,29.0,6.0,26.0,0,181.28496
576,0,4,Education,86465,9.4,1.54545,4.4,0.0,1008.4,0.0,0.0,4.0,1.0,1.0,0,128.25003
1247,1,14,Food sales and service,69876,6.7,0.0,-4.4,0.0,1027.2,10.0,2.1,12.0,3.0,10.0,1,0.0
187,1,2,Education,44203,8.3,2.0,-3.3,0.0,1012.1,110.0,2.6,5.0,12.0,49.0,0,22.824402
264,3,2,Office,83660,15.6,0.0,-2.2,0.0,1014.6,110.0,1.5,27.0,2.0,8.0,1,0.0
804,0,8,Office,175618,30.0,4.0,18.3,0.0,1017.0,320.0,4.1,13.0,5.0,19.0,0,375.33295
1441,0,15,Education,30143,6.7,0.615385,3.3,-1.0,1020.5,320.0,5.1,19.0,4.0,16.0,0,352.95007
246,3,2,Office,202435,40.6,4.0,11.7,0.0,1004.9,210.0,3.1,16.0,8.0,33.0,0,79.129196
536,0,3,Entertainment/public assembly,1962,35.6,2.84211,20.0,0.0,1011.2,220.0,6.2,23.0,7.0,29.0,1,4.84
850,0,8,Public services,28590,18.3,6.0,16.1,0.0,1023.2,50.0,4.1,18.0,4.0,16.0,0,81.6667
1286,1,14,Healthcare,205472,23.3,1.6,20.6,-1.0,1008.8,200.0,2.6,6.0,8.0,31.0,1,2743.7603
1270,3,14,Entertainment/public assembly,18551,18.3,0.0,-1.7,0.0,1007.0,300.0,5.7,8.0,5.0,18.0,1,0.0
1246,1,14,Office,50327,6.1,0.0,-1.1,0.0,1026.7,80.0,2.1,12.0,3.0,10.0,1,109.66501
959,0,9,Education,128536,21.1,4.0,18.9,0.0,1011.1,140.0,2.1,17.0,3.0,11.0,0,167.99997
1247,1,14,Food sales and service,69876,15.6,2.0,0.6,0.0,1022.8,220.0,5.7,12.0,3.0,10.0,1,492.58
1223,0,14,Office,52141,6.1,0.0,5.0,0.0,1027.4,0.0,0.0,12.0,10.0,41.0,0,35.5606
929,1,9,Education,199628,7.8,0.0,1.7,0.0,1020.7,360.0,3.6,17.0,1.0,2.0,1,152.42
1260,3,14,Office,86455,7.8,0.0,-2.2,0.0,1021.5,190.0,3.6,31.0,3.0,13.0,0,199.99995
721,0,5,Education,121471,19.0,0.0,15.0,-0.0416667,1013.76,280.0,4.1,21.0,7.0,29.0,0,27.5
787,2,6,Lodging/residential,278795,-6.1,0.0,-20.0,0.0,1019.5,330.0,4.6,18.0,1.0,3.0,0,3440.8406
302,0,3,Education,57100,27.2,4.0,22.8,0.0,1020.0,200.0,4.6,20.0,7.0,29.0,0,30.480003
802,0,7,Education,290625,-14.7,0.105263,-16.4,2.57143,1008.7,60.0,2.1,14.0,1.0,2.0,0,0.0
1349,1,15,Manufacturing/industrial,7919,-3.3,0.0,-8.3,-1.0,1018.4,300.0,4.6,24.0,1.0,3.0,1,0.0
1093,0,13,Office,47578,-5.6,6.0,-10.6,-1.0,1031.6,320.0,7.7,8.0,12.0,49.0,0,23.065998
780,1,6,Education,120836,15.6,0.0,1.7,0.0,1012.8,350.0,2.6,11.0,11.0,45.0,0,0.0
7,0,0,Education,121074,25.0,3.81818,21.1,0.0,1020.2,0.0,0.0,14.0,7.0,28.0,0,515.6741
1276,0,14,Office,53860,11.7,0.0,-7.8,0.0,1026.5,190.0,4.6,30.0,3.0,13.0,0,105.13901
1211,2,13,Office,94988,14.4,2.90909,10.6,0.0,1022.0,130.0,2.6,15.0,9.0,37.0,0,671.87494
1366,0,15,Office,87977,-1.1,0.285714,-3.9,7.83333,1025.7,300.0,4.6,23.0,11.0,47.0,0,45.9
995,1,9,Education,46230,17.2,1.14286,17.2,0.0,1018.0,0.0,0.0,19.0,4.0,16.0,0,93.33719
1121,1,13,Education,85732,20.6,4.15385,11.7,0.0,1012.2,120.0,3.6,9.0,6.0,23.0,0,49.147
129,0,1,Lodging/residential,102957,10.6,0.0,6.3,0.0,1022.1,80.0,1.5,11.0,10.0,41.0,0,128.4
388,0,3,Public services,30810,10.6,4.0,-3.3,0.0,1010.5,160.0,2.6,3.0,1.0,53.0,1,33.75
1335,0,15,Public services,136817,16.7,0.0,10.6,9.2,1026.3,190.0,4.1,6.0,10.0,40.0,0,259.55
172,0,2,Office,121440,26.1,0.0,1.1,0.0,1011.0,80.0,4.6,16.0,6.0,24.0,0,152.78996
179,3,2,Food sales and service,24867,26.7,6.0,8.9,0.0,1011.0,60.0,5.1,18.0,5.0,20.0,0,8.7921
497,0,3,Public services,7732,13.9,8.0,12.2,3.0,1012.6,180.0,6.7,29.0,11.0,48.0,0,8.700001
1008,3,10,Education,74420,-1.1,0.0,-2.2,-1.0,1019.1,150.0,3.1,14.0,1.0,2.0,0,6.1086006
1004,0,10,Education,74886,28.3,0.0,4.4,0.0,1001.5,0.0,0.0,4.0,9.0,35.0,1,161.00002
1331,0,15,Education,171008,2.2,2.0,-1.1,-0.428571,1022.6,290.0,8.8,28.0,10.0,43.0,0,340.1
478,0,3,Lodging/residential,31283,4.4,0.0,-1.1,0.0,1020.3,150.0,2.6,29.0,12.0,52.0,0,35.010002
1040,0,12,Office,126960,10.2,8.0,9.6,4.14286,1014.8,140.0,7.0,13.0,12.0,50.0,0,164.10202
718,0,5,Education,25866,12.0,9.0,12.0,-0.0416667,1013.76,310.0,2.1,8.0,12.0,49.0,0,6.799999
1104,0,13,Public services,199722,23.3,8.0,16.1,0.0,1008.3,100.0,3.1,7.0,7.0,27.0,0,157.82901
1418,0,15,Lodging/residential,41302,17.8,4.0,3.9,-1.0,1021.0,280.0,6.2,19.0,5.0,20.0,0,24.175003
1316,0,14,Entertainment/public assembly,49975,6.1,0.0,0.0,0.0,999.7,250.0,3.1,8.0,4.0,14.0,0,43.968803
7,1,0,Education,121074,21.1,4.0,20.6,-1.0,1015.3,0.0,0.0,1.0,6.0,22.0,0,5023.0312
317,0,3,Office,16098,23.3,7.33333,22.2,-1.0,1012.3,200.0,5.7,5.0,7.0,27.0,0,38.950005
431,0,3,Parking,1760,8.3,2.0,-3.3,0.0,1013.2,350.0,8.8,3.0,1.0,53.0,1,20.17
1294,0,14,Office,15649,6.7,3.0,5.0,3.0,1012.3,80.0,4.1,28.0,3.0,13.0,0,20.294601
1146,0,13,Public services,83155,8.9,4.0,-1.1,0.0,1021.4,150.0,4.6,29.0,3.0,13.0,0,96.79098
1070,0,13,Lodging/residential,230747,-8.9,2.66667,-11.7,0.0,1019.4,220.0,2.1,1.0,1.0,53.0,0,77.000015
69,0,0,Parking,387638,25.0,2.33333,16.1,0.0,1023.1,70.0,6.2,23.0,12.0,51.0,0,162.72198
979,0,9,Entertainment/public assembly,52357,5.0,0.0,-7.8,0.0,1037.4,184.5,1.5,9.0,12.0,49.0,0,43.000004
916,2,9,Education,51778,21.7,0.0,20.6,0.0,1013.0,0.0,0.0,8.0,6.0,23.0,0,24.399998
315,0,3,Entertainment/public assembly,20644,-5.0,9.0,-6.7,15.0,1013.1,30.0,9.8,23.0,1.0,3.0,1,41.640003
1249,0,14,Office,159384,23.9,1.6,18.9,0.0,998.4,110.0,3.6,21.0,10.0,42.0,0,393.99997
557,0,3,Public services,19000,28.3,5.75,16.1,0.0,1017.5,340.0,7.2,11.0,9.0,36.0,1,45.329998
1350,1,15,Education,149762,-2.8,0.0,-3.9,-1.0,1019.4,70.0,2.6,24.0,4.0,16.0,1,0.46480003
965,1,9,Lodging/residential,45086,27.8,0.0,23.9,0.0,1014.1,145.0,1.5,24.0,7.0,29.0,1,195.85301
794,0,7,Education,731945,5.5,0.105263,-0.5,2.0,1015.3,340.0,3.6,30.0,10.0,43.0,1,2758.8699
874,0,9,Office,181805,23.3,2.0,22.2,0.0,1014.4,0.0,0.0,3.0,9.0,35.0,1,367.0
466,0,3,Public services,22500,16.7,2.0,15.6,0.0,1023.5,30.0,3.1,7.0,10.0,40.0,0,22.849998
680,0,5,Public services,9849,6.0,0.0,3.0,-0.0416667,1013.76,50.0,8.2,25.0,11.0,47.0,0,8.099999
108,0,1,Education,81580,15.3,0.0,14.2,0.0,1014.1,220.0,5.7,5.0,7.0,27.0,0,190.49995
640,0,4,Entertainment/public assembly,36180,8.9,0.0,-4.4,0.0,1029.2,40.0,3.6,18.0,12.0,50.0,1,215.20003
1218,1,13,Entertainment/public assembly,268480,-8.3,8.0,-11.1,-1.0,1014.2,150.0,4.6,15.0,2.0,7.0,0,0.0
219,1,2,Education,96124,15.0,6.4,12.2,-1.0,1011.8,290.0,2.6,16.0,12.0,50.0,0,329.56403
160,0,2,Entertainment/public assembly,15786,37.2,0.0,-1.7,0.0,1008.3,310.0,3.1,17.0,6.0,24.0,0,12.949999
892,0,9,Services,481999,-0.6,0.0,-7.8,0.0,1024.1,340.0,6.7,18.0,12.0,50.0,1,154.0
228,0,2,Lodging/residential,49108,24.4,4.0,-1.1,0.0,1015.2,0.0,0.0,2.0,3.0,9.0,0,31.07
523,0,3,Entertainment/public assembly,9726,4.4,3.53846,1.1,0.0,1023.0,0.0,0.0,28.0,11.0,48.0,0,3.48
298,0,3,Entertainment/public assembly,39541,1.7,2.0,-4.4,0.0,1027.0,0.0,0.0,23.0,11.0,47.0,0,21.480001
365,0,3,Healthcare,819577,7.8,6.5,0.0,0.0,1019.2,340.0,4.6,13.0,12.0,50.0,0,1321.9202
1252,1,14,Education,116249,10.0,0.0,7.8,0.0,1021.6,10.0,1.5,26.0,9.0,39.0,0,2677.4
1143,2,13,Office,96612,-12.2,0.0,-20.6,0.0,1032.6,320.0,6.7,12.0,2.0,6.0,0,1095.2102
802,1,7,Education,290625,7.1,0.105263,5.1,2.0,1003.5,210.0,2.6,19.0,11.0,46.0,1,327.31998
119,3,1,Education,91149,15.2,0.0,15.2,0.0,1003.4,100.0,3.1,11.0,5.0,19.0,0,99.99999
279,0,2,Education,49384,30.0,0.0,0.0,0.0,1009.2,280.0,3.6,11.0,5.0,19.0,0,25.520002
1228,3,14,Office,162549,15.0,0.0,1.7,0.0,1022.7,350.0,6.7,6.0,11.0,44.0,1,125.165016
737,0,5,Education,14790,15.0,0.0,9.0,-0.0416667,1013.76,270.0,6.2,15.0,5.0,19.0,1,0.0
1146,0,13,Public services,83155,-1.7,1.77778,-6.7,0.0,1013.0,240.0,6.2,20.0,12.0,51.0,0,92.736015
989,1,9,Education,168696,25.0,0.0,12.8,0.0,1018.8,0.0,0.0,1.0,10.0,39.0,1,237.35202
1218,2,13,Entertainment/public assembly,268480,9.4,0.0,3.9,0.0,1028.1,0.0,0.0,4.0,11.0,44.0,0,0.0
560,0,3,Office,340000,27.2,2.0,15.6,0.0,1017.9,0.0,0.0,15.0,9.0,37.0,0,318.20996
198,1,2,Office,163959,12.8,5.66667,11.1,-1.0,1011.0,0.0,0.0,31.0,12.0,52.0,1,126.88799
67,0,0,Lodging/residential,24456,20.0,2.57143,18.9,0.0,1015.9,230.0,2.1,16.0,3.0,11.0,0,0.0
1021,0,10,Entertainment/public assembly,213762,-2.2,1.0,-6.7,0.0,1002.5,320.0,6.2,17.0,12.0,50.0,1,116.00002
1080,2,13,Education,207115,-0.6,6.0,-5.0,-1.0,1027.1,230.0,2.6,3.0,12.0,48.0,1,749.99994
455,0,3,Healthcare,29192,11.7,0.0,8.3,0.0,1018.5,200.0,2.1,19.0,11.0,46.0,1,40.05
625,0,4,Education,55516,20.0,0.0,9.4,0.0,1022.6,163.636,1.5,8.0,2.0,6.0,0,124.55802
162,1,2,Education,98829,32.8,2.0,8.9,0.0,1008.6,0.0,0.0,12.0,9.0,37.0,0,440.94296
268,1,2,Entertainment/public assembly,77844,7.2,1.375,-3.3,0.0,1012.3,130.0,3.6,5.0,12.0,49.0,0,479.2411
754,2,6,Office,41337,12.2,1.33333,9.4,0.0,1010.9,0.0,0.0,15.0,3.0,11.0,0,118.724976
465,0,3,Office,6400,19.4,6.0,17.2,0.0,1020.6,190.0,1.5,29.0,5.0,21.0,1,44.640003
298,0,3,Entertainment/public assembly,39541,24.4,4.0,17.2,0.0,1002.1,190.0,7.7,1.0,4.0,13.0,0,24.269999
879,2,9,Education,110235,34.4,2.0,20.6,0.0,1014.2,84.1667,1.5,29.0,7.0,30.0,0,268.39996
1389,1,15,Entertainment/public assembly,17104,10.0,2.0,9.4,7.83333,1016.1,80.0,1.5,23.0,5.0,21.0,0,194.42897
1350,0,15,Education,149762,13.3,0.0,11.7,21.5,1017.5,130.0,2.1,4.0,6.0,22.0,1,806.02496
1266,0,14,Public services,13469,28.3,2.0,21.1,0.0,1007.9,10.0,2.1,8.0,7.0,27.0,0,14.000001
267,1,2,Entertainment/public assembly,72193,23.9,0.0,-8.3,0.0,1018.4,80.0,4.1,25.0,2.0,8.0,0,151.78697
1146,1,13,Public services,83155,8.3,3.75,-0.6,0.0,1016.2,310.0,10.3,13.0,5.0,19.0,0,7.9967995
881,0,9,Entertainment/public assembly,344798,16.1,0.0,7.8,0.0,1018.5,180.0,1.5,5.0,3.0,9.0,1,715.9998
501,0,3,Education,66404,8.9,0.0,3.3,0.0,1026.1,350.0,2.6,5.0,11.0,44.0,1,62.85
317,0,3,Office,16098,4.4,8.0,3.3,0.0,1022.0,40.0,3.1,8.0,1.0,1.0,0,60.329998
682,0,5,Entertainment/public assembly,64153,12.0,0.0,12.0,-0.0416667,1013.76,270.0,3.1,24.0,1.0,3.0,1,36.4
768,0,6,Education,75929,25.6,0.315789,22.8,0.0,1015.6,0.0,0.0,19.0,8.0,33.0,0,435.81708
1370,0,15,Education,4773,25.6,4.0,13.3,-1.0,1015.7,290.0,5.7,31.0,5.0,22.0,0,13.875001
1220,1,13,Public services,381221,25.0,2.0,14.4,0.0,1018.2,330.0,4.6,6.0,8.0,31.0,1,650.406
518,0,3,Public services,555243,18.3,5.09091,5.6,0.0,1011.4,340.0,8.2,25.0,3.0,12.0,0,432.00006
345,0,3,Lodging/residential,7250,12.2,8.0,10.0,-1.0,1013.6,90.0,3.1,28.0,4.0,17.0,0,1.68
273,1,2,Office,140345,18.3,6.0,-0.6,0.0,1015.2,130.0,2.1,20.0,11.0,46.0,1,104.76701
213,3,2,Education,49662,23.9,0.0,-1.1,0.0,1014.5,80.0,2.1,1.0,3.0,9.0,0,114.29799
593,0,4,Education,66203,10.6,3.0,9.4,0.0,1019.1,310.0,2.1,5.0,12.0,49.0,0,135.994
1252,0,14,Education,116249,7.2,0.571429,5.6,0.0,1016.8,0.0,0.0,29.0,4.0,17.0,0,439.998
1061,0,12,Retail,44218,7.7,2.0,6.3,4.14286,1028.2,270.0,3.0,1.0,6.0,22.0,0,24.45
1180,2,13,Education,95182,3.9,4.0,-10.0,0.0,1012.1,310.0,8.8,1.0,4.0,13.0,0,3579.9998
95,1,0,Lodging/residential,200933,30.0,4.0,25.0,0.0,1020.9,100.0,4.6,15.0,8.0,33.0,0,0.0
976,0,9,Education,59498,3.9,0.0,-2.8,0.0,1026.0,40.0,2.1,11.0,1.0,2.0,0,31.0
1021,0,10,Entertainment/public assembly,213762,6.7,0.0,0.6,0.0,1020.3,170.0,4.6,12.0,11.0,45.0,1,185.25
1031,0,11,Education,93206,20.2,8.30769,12.8,49.5714,1025.0,120.0,2.1,5.0,10.0,40.0,0,451.9999
114,3,1,Education,139683,14.4,0.0,9.8,0.0,1031.3,240.0,6.2,27.0,10.0,43.0,0,0.0
961,0,9,Education,155882,17.2,1.09091,15.6,-1.0,1016.5,110.0,2.1,20.0,4.0,16.0,0,362.32007
1274,3,14,Office,17077,9.4,0.0,8.3,0.0,1021.2,340.0,1.5,13.0,10.0,41.0,0,39.0
787,2,6,Lodging/residential,278795,-2.8,0.0,-5.6,0.0,1008.6,250.0,1.5,8.0,2.0,6.0,0,2871.1694
746,0,6,Office,17879,17.2,0.0,3.3,0.0,1010.7,0.0,0.0,15.0,11.0,46.0,0,61.416702
55,0,0,Office,16726,16.1,2.0,12.8,0.0,1017.9,360.0,4.1,2.0,12.0,48.0,0,151.18703
127,0,1,Lodging/residential,27071,15.5,0.0,12.0,0.0,1019.1,80.0,1.0,21.0,9.0,38.0,0,16.4167
737,0,5,Education,14790,15.0,0.0,14.0,-0.0416667,1013.76,239.412,1.5,11.0,6.0,23.0,1,0.9
998,3,10,Education,173479,27.2,0.0,0.6,0.0,1014.3,207.0,1.5,24.0,7.0,29.0,1,0.0
243,0,2,Parking,557217,36.7,0.0,1.7,0.0,1006.5,250.0,4.6,13.0,7.0,28.0,0,76.79001
483,0,3,Education,207000,-0.6,6.0,-8.3,0.0,1038.8,70.0,3.6,20.0,12.0,51.0,0,417.26
889,0,9,Education,126077,18.3,0.0,16.1,0.0,1021.9,0.0,0.0,6.0,11.0,44.0,1,81.0
1201,1,13,Education,73597,3.3,4.0,-12.2,0.0,1011.6,270.0,9.3,1.0,4.0,13.0,0,0.0
1434,0,15,Education,33148,-5.6,3.0,-7.8,-1.0,1029.6,250.0,3.6,11.0,12.0,49.0,1,71.125015
1086,2,13,Office,143973,23.3,6.5,18.3,0.0,1011.2,60.0,1.5,12.0,8.0,32.0,0,4031.2515
1122,1,13,Office,84365,-3.9,7.5,-6.7,0.0,1022.6,270.0,3.1,6.0,2.0,5.0,1,0.0
707,0,5,Education,11270,9.0,0.0,6.0,-0.0416667,1013.76,60.0,6.7,22.0,4.0,16.0,0,28.600002
377,0,3,Public services,12506,13.3,6.0,11.1,0.0,1026.2,180.0,3.1,2.0,11.0,44.0,0,7.4000006
195,3,2,Office,9703,8.9,2.0,-0.6,0.0,1017.0,90.0,3.6,29.0,1.0,4.0,0,17.584297
965,2,9,Lodging/residential,45086,29.4,0.0,19.4,0.0,1012.9,190.0,1.5,16.0,10.0,41.0,1,0.0
1291,0,14,Office,237546,19.4,4.0,15.0,0.0,1019.9,80.0,3.6,2.0,6.0,22.0,0,679.52386
845,0,8,Entertainment/public assembly,860,28.9,4.0,22.8,0.0,1014.2,180.0,4.6,5.0,6.0,22.0,1,0.0
1414,0,15,Lodging/residential,65663,12.8,0.0,11.1,14.4286,1027.5,140.0,3.1,5.0,10.0,40.0,0,85.949974
223,0,2,Education,261188,15.0,0.0,-6.1,0.0,1013.8,100.0,2.1,27.0,3.0,12.0,1,2325.9897
903,2,9,Education,275793,6.7,0.0,1.7,0.0,1026.0,0.0,0.0,4.0,1.0,1.0,0,1473.1501
225,1,2,Lodging/residential,216526,23.3,4.33333,18.9,23.0,1012.5,110.0,4.6,23.0,8.0,34.0,0,437.31998
799,1,7,Education,527431,-8.0,0.105263,-10.0,2.8,1008.8,60.0,6.2,9.0,2.0,6.0,0,0.0
263,0,2,Education,87673,33.9,2.0,11.1,0.0,1007.0,160.0,6.7,14.0,8.0,32.0,1,31.320002
458,0,3,Entertainment/public assembly,4589,14.4,6.8,3.9,0.0,1017.4,180.0,4.1,23.0,3.0,12.0,0,8.88
1346,0,15,Education,34875,14.4,4.0,0.6,-1.0,1018.1,310.0,9.3,16.0,5.0,20.0,0,7.6999993
1196,1,13,Entertainment/public assembly,57201,17.2,2.0,5.0,0.0,1016.7,170.0,8.8,14.0,4.0,15.0,0,0.0
1267,3,14,Education,138977,1.7,0.222222,-7.2,0.0,1022.9,280.0,5.7,9.0,12.0,49.0,0,1263.49
547,0,3,Healthcare,23903,26.7,5.5,22.2,-1.0,1014.5,340.0,6.7,31.0,7.0,30.0,1,40.899998
960,2,9,Education,56137,24.4,2.0,23.3,0.0,1015.3,85.2941,1.5,10.0,9.0,36.0,1,12.200001
956,0,9,Office,86167,30.6,0.0,22.2,0.0,1012.9,130.0,1.5,18.0,9.0,37.0,1,27.000002
879,1,9,Education,110235,23.9,0.307692,22.2,0.0,1014.0,128.0,2.1,16.0,10.0,41.0,1,0.0
677,0,5,Public services,7072,1.0,0.0,-1.0,-0.0416667,1013.76,320.0,3.6,5.0,3.0,9.0,1,2.6000001
162,1,2,Education,98829,18.9,2.0,-4.4,0.0,1023.2,60.0,7.2,19.0,12.0,51.0,0,0.0
1248,0,14,Office,78002,23.3,2.0,19.4,0.0,1016.1,120.0,4.1,2.0,8.0,31.0,0,75.99999
948,1,9,Entertainment/public assembly,20372,30.0,0.0,17.8,0.0,1018.8,15.625,1.5,30.0,10.0,43.0,1,70.6887
227,0,2,Entertainment/public assembly,17132,11.1,2.0,5.0,0.0,1023.5,110.0,2.6,9.0,1.0,1.0,1,5.5
1163,1,13,Parking,83919,11.1,6.4,8.3,0.0,1019.2,100.0,4.6,20.0,4.0,16.0,0,10.870601
197,1,2,Public services,102856,27.8,4.0,8.3,0.0,1011.4,0.0,0.0,31.0,10.0,44.0,0,268.86295
501,0,3,Education,66404,3.3,7.0,-1.1,-1.0,1019.5,190.0,4.1,26.0,1.0,4.0,0,66.83002
400,0,3,Public services,19315,27.8,4.71429,22.8,0.0,1018.0,50.0,3.1,2.0,8.0,31.0,0,53.289993
1002,0,10,Entertainment/public assembly,161969,31.1,0.0,-0.6,0.0,1002.3,10.0,3.1,10.0,6.0,23.0,0,63.0
1243,1,14,Healthcare,237704,29.4,2.0,17.2,0.0,1016.6,200.0,4.1,12.0,7.0,28.0,0,2011.8799
1161,0,13,Office,53077,16.7,6.4,13.9,0.0,1021.1,90.0,4.6,23.0,9.0,38.0,0,50.473003
145,3,1,Office,14219,13.5,0.0,11.2,0.0,1015.5,270.0,3.6,10.0,9.0,36.0,1,0.0
207,1,2,Public services,99700,11.7,2.0,0.0,0.0,1016.5,0.0,0.0,14.0,1.0,2.0,0,21.945099
113,3,1,Education,100481,16.9,0.0,10.5,0.0,1018.3,290.0,4.6,26.0,6.0,25.0,1,39.786995
173,0,2,Education,90903,11.7,4.0,7.2,0.0,1022.0,0.0,0.0,29.0,12.0,52.0,0,195.29999
1258,0,14,Education,273234,28.9,0.0,21.1,0.0,1010.1,240.0,2.1,9.0,9.0,36.0,0,918.4378
473,0,3,Public services,46007,-6.1,4.0,-18.9,0.0,1020.3,280.0,7.2,18.0,1.0,3.0,0,67.26998
832,0,8,Public services,26507,27.8,5.11111,18.9,-1.0,1015.1,60.0,7.7,16.0,10.0,41.0,1,58.375
382,0,3,Education,47984,23.9,7.75,11.7,0.0,1019.7,50.0,3.1,3.0,7.0,26.0,1,44.010002
287,3,2,Office,33713,21.7,3.8,-1.1,0.0,1015.5,90.0,4.1,21.0,3.0,12.0,0,0.0
889,0,9,Education,126077,35.6,2.0,21.1,0.0,1019.6,111.111,2.6,18.0,7.0,29.0,0,95.0
1230,0,14,Office,22524,28.9,4.0,11.1,0.0,1015.6,330.0,4.1,11.0,9.0,36.0,1,26.000002
1173,0,13,Manufacturing/industrial,13091,26.7,6.0,16.7,0.0,1007.4,148.571,2.1,7.0,7.0,27.0,0,54.189
1286,0,14,Healthcare,205472,8.3,0.0,-1.7,0.0,1009.5,280.0,2.1,18.0,3.0,11.0,0,339.55997
246,0,2,Office,202435,37.2,4.0,10.6,0.0,1007.8,0.0,0.0,18.0,8.0,33.0,0,375.78006
360,0,3,Education,69600,28.3,4.90909,20.6,0.0,1014.3,170.0,3.1,20.0,10.0,42.0,0,55.89
244,1,2,Education,95717,18.3,4.0,-0.6,0.0,1014.4,110.0,2.6,3.0,3.0,9.0,0,116.68899
976,2,9,Education,59498,20.0,0.545455,17.2,0.0,1011.1,230.0,2.1,3.0,3.0,9.0,0,9.15
1225,2,14,Office,122746,3.3,0.421053,-6.1,0.0,1005.5,280.0,7.2,30.0,12.0,52.0,0,764.5102
290,0,2,Office,51732,23.3,2.0,5.0,0.0,1020.4,50.0,6.2,11.0,11.0,45.0,0,25.489998
832,0,8,Public services,26507,26.7,4.0,24.4,0.0,1020.1,140.0,1.5,11.0,7.0,28.0,0,75.8333
717,0,5,Education,28826,16.0,0.0,14.0,-0.0416667,1013.76,260.0,6.2,21.0,8.0,33.0,1,3.6999998
225,3,2,Lodging/residential,216526,39.4,0.0,8.9,0.0,1004.6,240.0,2.6,16.0,7.0,28.0,1,23.4457
1017,1,10,Technology/science,109263,0.6,2.0,-5.6,0.0,1019.4,310.0,2.1,29.0,11.0,48.0,0,0.0
159,0,2,Education,9788,23.3,4.0,10.0,0.0,1011.2,60.0,3.6,31.0,10.0,44.0,0,13.349999
1262,0,14,Office,65000,28.3,4.0,22.8,0.0,1015.6,200.0,2.6,10.0,9.0,36.0,1,105.310005
1132,1,13,Office,103926,21.1,5.66667,13.9,0.0,1012.1,180.0,1.5,9.0,9.0,36.0,0,5.3312006
875,2,9,Lodging/residential,177708,21.7,4.0,20.6,33.0,1010.2,140.0,4.1,17.0,4.0,15.0,1,134.19997
903,1,9,Education,275793,26.7,0.0,5.0,0.0,1021.2,61.6667,2.1,9.0,10.0,40.0,1,591.74493
207,1,2,Public services,99700,14.4,5.6,8.3,0.0,1009.9,90.0,4.6,4.0,1.0,1.0,0,19.905401
1232,3,14,Education,181328,-4.4,0.0,-15.6,0.0,1017.1,280.0,3.6,14.0,1.0,2.0,0,1762.0703
154,0,1,Office,34455,20.6,0.0,13.7,0.0,1013.6,210.0,7.7,3.0,9.0,35.0,1,219.89995
778,0,6,Entertainment/public assembly,108339,6.1,0.0,-8.9,0.0,1027.0,200.0,7.7,6.0,4.0,14.0,0,371.01703
217,1,2,Education,282946,28.3,3.29412,13.3,0.0,1009.6,80.0,3.6,12.0,9.0,37.0,0,1605.83
178,0,2,Office,23392,12.2,0.0,-3.3,0.0,1014.0,90.0,3.1,5.0,12.0,49.0,0,74.39001
776,1,6,Office,104667,9.4,4.0,-5.6,0.0,1025.1,180.0,3.6,11.0,4.0,15.0,0,0.5533
310,0,3,Public services,22000,32.8,3.8,21.7,0.0,1012.2,160.0,5.7,31.0,8.0,35.0,0,39.269997
670,0,5,Healthcare,18471,12.0,0.0,7.0,-0.0416667,1013.76,70.0,4.1,11.0,10.0,41.0,0,25.2
83,0,0,Other,2070,22.2,5.6,17.2,0.0,1018.1,60.0,7.7,16.0,4.0,15.0,1,0.0
1046,0,12,Education,201350,0.1,4.0,-0.1,4.14286,1025.3,260.0,2.0,20.0,12.0,51.0,0,145.55496
1351,1,15,Office,40611,11.1,0.0,9.4,21.5,1018.4,70.0,3.1,4.0,7.0,27.0,0,16.2746
1210,0,13,Office,92500,19.4,0.0,5.0,0.0,1014.6,340.0,8.2,10.0,11.0,45.0,0,136.33902
693,0,5,Office,57436,18.0,0.0,12.0,-0.0416667,1013.76,260.0,5.1,8.0,9.0,36.0,0,0.0166
1235,0,14,Public services,278369,-6.7,0.0,-14.4,0.0,1012.3,330.0,3.1,24.0,1.0,3.0,1,246.93803
1409,2,15,Lodging/residential,48881,17.8,4.0,2.2,-1.0,1012.7,310.0,8.8,9.0,6.0,23.0,0,93.74928
126,0,1,Education,21539,15.0,0.0,12.0,0.0,1017.05,200.0,2.1,9.0,7.0,27.0,1,136.59998
1088,2,13,Education,287594,0.0,3.53846,-13.3,0.0,1013.6,170.0,2.6,3.0,4.0,13.0,1,14781.201
1295,1,14,Office,115676,-5.6,0.0,-13.3,0.0,1019.1,0.0,0.0,12.0,1.0,2.0,0,0.0
374,0,3,Lodging/residential,350000,10.6,3.23077,9.4,0.0,1027.8,40.0,2.1,12.0,10.0,41.0,0,304.00998
1232,3,14,Education,181328,-2.8,0.0,-6.1,0.0,999.7,340.0,1.5,29.0,1.0,4.0,0,1973.5497
245,0,2,Education,88486,37.2,2.0,8.9,0.0,1005.4,260.0,6.2,10.0,6.0,23.0,0,71.340004
478,0,3,Lodging/residential,31283,20.0,8.0,18.9,0.0,1016.3,0.0,0.0,3.0,10.0,40.0,0,78.37002
1242,3,14,Office,23871,13.9,5.8,12.2,0.0,1012.8,260.0,1.5,30.0,11.0,48.0,0,95.69999
1053,0,12,Office,21582,6.5,7.0,3.9,4.14286,1018.6,240.0,7.0,18.0,4.0,16.0,0,11.467499
569,0,4,Education,86091,24.4,2.0,11.7,0.0,1012.2,270.0,3.1,8.0,10.0,40.0,1,306.24997
234,0,2,Education,179167,33.3,4.0,7.8,0.0,1010.8,330.0,3.6,27.0,10.0,43.0,0,75.57
1252,1,14,Education,116249,13.9,0.0,12.8,0.0,1022.8,50.0,4.6,1.0,10.0,39.0,1,2255.4995
740,0,5,Education,37975,17.0,0.0,4.0,-0.0416667,1013.76,150.0,2.6,26.0,5.0,21.0,0,0.0004
1345,0,15,Education,20889,10.6,2.0,4.4,12.0,1026.4,160.0,5.1,12.0,10.0,41.0,0,0.0
931,1,9,Education,216050,3.9,0.0,-3.9,0.0,1028.7,300.0,3.1,9.0,2.0,6.0,0,74.20549
29,1,0,Education,113866,26.1,0.0,13.3,0.0,1021.7,80.0,4.1,26.0,5.0,21.0,0,2954.72
803,1,7,Education,182986,25.8,0.105263,12.2,49.5714,1021.4,110.0,2.1,5.0,9.0,36.0,0,680.04004
687,0,5,Office,36221,15.0,0.0,13.0,-0.0416667,1013.76,40.0,4.6,1.0,6.0,22.0,0,70.69998
1383,1,15,Education,105612,-13.9,2.5,-15.6,-1.0,1026.9,150.0,1.5,16.0,12.0,50.0,0,6.495299
259,0,2,Education,77469,28.9,0.0,-6.7,0.0,1015.0,40.0,4.1,3.0,4.0,13.0,1,158.80002
925,0,9,Education,54405,24.4,0.4,18.9,0.0,1009.8,130.0,3.1,16.0,5.0,20.0,0,27.000002
1260,3,14,Office,86455,16.1,0.0,0.0,0.0,1014.5,270.0,4.6,23.0,3.0,12.0,0,285.99994
767,0,6,Office,70042,19.4,3.5,17.8,0.0,1014.7,0.0,0.0,27.0,9.0,39.0,0,167.19997
367,0,3,Entertainment/public assembly,20584,19.4,2.0,13.3,0.0,1007.6,200.0,4.1,26.0,4.0,17.0,0,79.73001
290,0,2,Office,51732,13.3,5.66667,12.2,0.0,1011.0,230.0,1.5,31.0,12.0,52.0,1,78.35999
339,0,3,Education,71100,23.3,8.0,13.9,0.0,1024.3,40.0,5.1,15.0,9.0,37.0,0,35.879997
883,0,9,Education,399331,25.0,0.0,14.4,0.0,1013.1,164.706,1.5,14.0,4.0,15.0,0,538.0001
576,0,4,Education,86465,13.9,4.0,8.9,0.0,1015.9,190.0,6.7,23.0,1.0,3.0,1,140.00002
918,0,9,Education,60621,17.8,0.588235,15.0,0.0,1025.8,0.0,0.0,11.0,11.0,45.0,0,64.000015
589,0,4,Education,305268,7.8,2.0,5.0,0.0,1024.9,0.0,0.0,15.0,3.0,11.0,0,239.65895
1035,0,12,Office,14585,12.1,7.0,9.5,4.14286,1023.2,260.0,10.0,11.0,8.0,32.0,0,15.732501
1191,2,13,Education,192152,11.7,4.0,-2.2,0.0,1005.3,290.0,8.2,10.0,4.0,14.0,1,2593.7505
250,1,2,Education,131710,42.8,2.125,7.2,0.0,1008.2,210.0,5.7,23.0,6.0,25.0,0,499.99094
927,2,9,Lodging/residential,745671,20.0,0.0,13.9,0.0,1017.6,0.0,0.0,12.0,10.0,41.0,0,460.5499
682,0,5,Entertainment/public assembly,64153,8.0,0.0,6.0,-0.0416667,1013.76,50.0,6.2,13.0,10.0,41.0,0,47.400005
143,0,1,Office,40085,19.6,0.0,16.4,0.0,1011.8,200.0,4.6,28.0,7.0,30.0,0,55.673206
1419,0,15,Lodging/residential,40629,1.7,0.625,0.0,-1.0,1012.7,310.0,4.6,27.0,4.0,17.0,0,10.675001
727,0,5,Education,139113,12.0,0.0,10.0,-0.0416667,1013.76,150.0,3.6,9.0,12.0,49.0,0,200.29997
1079,0,13,Education,14185,26.1,2.0,11.1,0.0,1021.2,350.0,4.1,31.0,8.0,35.0,0,6.5699997
1364,0,15,Utility,74922,0.6,1.5,-1.7,3.0,1008.4,170.0,5.7,17.0,12.0,50.0,1,35.525
216,3,2,Education,137065,22.2,0.0,-1.7,0.0,1010.2,240.0,1.5,26.0,5.0,21.0,0,0.0
427,0,3,Public services,14269,10.6,6.0,-7.8,0.0,1026.3,220.0,3.1,10.0,4.0,14.0,1,18.030003
1156,0,13,Education,259989,15.6,4.0,1.7,0.0,1018.9,340.0,4.1,6.0,10.0,40.0,0,1921.3801
895,1,9,Education,55087,36.1,2.0,20.0,0.0,1010.3,110.0,3.1,25.0,7.0,30.0,0,181.68001
165,0,2,Warehouse/storage,3877,22.8,0.0,-4.4,0.0,1015.8,220.0,2.1,3.0,4.0,13.0,1,9.590001
888,2,9,Entertainment/public assembly,137522,32.2,0.0,19.4,0.0,1013.2,210.0,4.6,16.0,10.0,41.0,1,0.0
297,0,3,Education,66200,11.7,0.0,5.6,0.0,1017.0,160.0,5.1,25.0,4.0,17.0,0,107.40999
1292,0,14,Office,58196,12.2,0.25,9.4,0.0,1016.2,170.0,4.6,3.0,2.0,5.0,0,161.44797
451,0,3,Entertainment/public assembly,5013,0.0,6.0,-2.2,0.0,1032.4,210.0,2.1,23.0,12.0,51.0,0,8.930001
915,1,9,Education,205141,15.6,0.0,-5.6,0.0,1030.6,20.0,5.7,29.0,12.0,52.0,0,71.21621
1117,2,13,Office,111424,-4.4,1.77778,-9.4,0.0,1019.2,210.0,4.6,20.0,12.0,51.0,0,1906.25
1362,0,15,Education,113988,14.4,1.75,13.9,3.0,1013.3,190.0,4.1,27.0,9.0,39.0,0,94.775
784,0,6,Education,190817,33.3,0.0,18.3,0.0,1016.1,170.0,3.1,16.0,7.0,28.0,1,583.26697
1206,2,13,Office,99946,20.6,6.4,15.6,0.0,1019.7,130.0,4.6,23.0,9.0,38.0,0,1722.6599
95,1,0,Lodging/residential,200933,31.1,2.35294,13.3,0.0,1010.4,290.0,8.2,22.0,5.0,20.0,1,2279.3599
776,2,6,Office,104667,23.3,0.0,21.1,0.0,1013.6,0.0,0.0,2.0,9.0,35.0,0,0.0
979,0,9,Entertainment/public assembly,52357,26.7,0.0,11.7,0.0,1018.3,13.1579,1.5,23.0,4.0,16.0,1,45.0
1299,1,14,Education,25401,21.1,0.0,17.2,0.0,1019.1,320.0,1.5,27.0,8.0,34.0,1,1594.4602
709,0,5,Education,23067,6.0,0.0,3.0,-0.0416667,1013.76,90.0,6.7,10.0,4.0,14.0,1,4.1
209,3,2,Education,193294,22.2,2.0,7.2,0.0,1012.4,150.0,1.5,30.0,10.0,43.0,1,169.981
1206,2,13,Office,99946,16.7,3.42857,0.6,0.0,1016.8,160.0,8.2,29.0,3.0,13.0,0,1381.35
905,0,9,Lodging/residential,39648,26.7,2.57143,17.8,0.0,1019.6,32.2222,1.24783,14.0,10.0,41.0,0,34.000004
1078,2,13,Entertainment/public assembly,80438,19.4,2.0,15.0,0.0,1011.1,360.0,5.1,16.0,6.0,24.0,0,0.0
209,1,2,Education,193294,18.9,5.14286,2.2,0.0,1018.6,300.0,3.1,28.0,12.0,52.0,0,929.7502
1032,0,11,Education,127632,26.7,8.30769,13.6,13.3125,1018.8,90.0,2.6,31.0,7.0,30.0,1,345.00003
397,0,3,Public services,54061,17.2,6.0,7.2,0.0,1016.3,160.0,5.7,24.0,3.0,12.0,0,102.25999
184,3,2,Education,34171,25.0,0.0,0.6,0.0,1002.8,260.0,6.2,15.0,4.0,15.0,0,2.9307
344,0,3,Education,77500,4.4,2.0,-3.3,0.0,1016.7,190.0,5.1,30.0,1.0,4.0,1,173.57
315,0,3,Entertainment/public assembly,20644,13.9,6.0,10.6,0.0,1017.7,0.0,0.0,19.0,4.0,16.0,0,38.47
206,1,2,Public services,345837,40.0,2.0,13.9,0.0,1002.5,0.0,0.0,7.0,8.0,31.0,1,437.88297
907,0,9,Entertainment/public assembly,44564,28.9,0.0,11.7,0.0,1016.2,35.3333,1.5,6.0,5.0,18.0,0,71.0
991,0,9,Education,57811,18.3,2.0,17.2,0.0,1014.8,0.0,0.0,18.0,5.0,20.0,0,60.999996
184,3,2,Education,34171,32.2,1.13043,-7.2,0.0,1010.4,250.0,5.7,19.0,4.0,16.0,0,5.8614
1064,0,12,Education,131212,14.3,7.0,11.7,4.14286,1012.2,300.0,7.0,4.0,7.0,27.0,0,204.76495
1302,3,14,Office,90411,4.4,0.0,-7.2,0.0,1022.1,270.0,1.5,21.0,12.0,51.0,0,324.68298
798,2,7,Education,409028,16.1,0.105263,13.8,9.88889,1012.4,350.0,3.1,10.0,7.0,27.0,1,0.0
320,0,3,Education,105500,16.7,8.0,8.9,0.0,1020.1,40.0,3.6,18.0,5.0,20.0,0,80.05
203,1,2,Lodging/residential,63348,17.2,0.0,-1.1,0.0,1016.1,110.0,1.5,13.0,3.0,10.0,1,365.119
1215,0,13,Parking,100328,1.1,4.0,-0.6,0.0,1022.2,270.0,3.1,10.0,3.0,10.0,0,110.718994
183,3,2,Education,132518,22.8,0.0,-4.4,0.0,1013.1,0.0,0.0,11.0,3.0,10.0,0,8.7921
1337,2,15,Office,14744,10.6,1.54545,10.0,7.83333,1024.4,70.0,1.5,23.0,8.0,34.0,0,680.3681
246,1,2,Office,202435,37.2,2.0,-2.2,0.0,1008.6,190.0,2.1,18.0,9.0,37.0,1,701.928
139,3,1,Public services,56629,3.2,0.0,2.0,0.0,1027.4,40.0,2.1,18.0,3.0,11.0,0,99.99999
1348,2,15,Education,131271,22.2,3.33333,20.6,9.2,1007.7,190.0,5.1,6.0,8.0,31.0,1,1083.5503
946,0,9,Education,177216,23.9,0.0,4.4,0.0,1022.3,110.0,4.1,8.0,4.0,14.0,0,561.00006
703,0,5,Education,34563,9.0,0.0,8.0,-0.0416667,1013.76,150.0,5.1,26.0,3.0,12.0,1,4.1999993
331,0,3,Education,288800,1.1,4.0,-7.2,0.0,1029.3,340.0,6.2,18.0,2.0,7.0,0,1049.7502
264,1,2,Office,83660,38.9,4.0,14.4,0.0,1009.4,300.0,4.6,25.0,7.0,30.0,0,302.09692
1072,1,13,Healthcare,305000,4.4,2.0,-9.4,0.0,1019.0,300.0,10.3,11.0,4.0,15.0,0,41.7333
76,1,0,Education,128887,23.9,2.0,22.8,0.0,1015.4,170.0,2.1,4.0,8.0,31.0,0,11861.098
112,3,1,Education,32206,24.5,0.0,10.1,0.0,1019.2,250.0,6.7,25.0,7.0,30.0,0,0.0
1197,0,13,Services,50552,17.2,4.0,10.0,0.0,1022.5,310.0,5.1,13.0,9.0,37.0,0,260.15298
517,0,3,Lodging/residential,2210,11.1,0.0,6.1,0.0,1029.6,340.0,2.1,11.0,10.0,41.0,0,2.6799998
1417,2,15,Lodging/residential,40451,5.6,0.0,-2.8,0.0,1009.4,280.0,6.2,15.0,5.0,19.0,1,40.536003
955,0,9,Education,198488,37.2,0.0,21.1,0.0,1008.9,174.667,2.1,8.0,8.0,32.0,0,841.0002
213,0,2,Education,49662,28.9,0.0,-6.1,0.0,1007.9,240.0,3.1,19.0,3.0,11.0,1,176.14998
1323,1,14,Office,87200,13.3,0.0,10.0,0.0,1019.2,0.0,0.0,12.0,5.0,19.0,0,1362.9701
281,1,2,Food sales and service,28862,26.1,2.0,-2.8,0.0,1008.7,130.0,4.1,5.0,5.0,18.0,0,212.31198
163,3,2,Education,72102,24.4,0.0,3.3,0.0,1011.5,350.0,2.1,2.0,5.0,18.0,0,0.0
402,0,3,Public services,2818,20.6,2.0,5.6,0.0,1019.2,180.0,1.5,18.0,11.0,46.0,0,5.18
1409,0,15,Lodging/residential,48881,28.9,2.0,15.0,6.0,1021.6,200.0,4.6,26.0,6.0,25.0,1,26.800001
79,0,0,Office,36240,21.7,2.0,11.1,0.0,1022.0,40.0,5.1,23.0,10.0,42.0,1,474.2431
1360,0,15,Entertainment/public assembly,111530,20.6,2.0,15.6,6.0,1021.8,140.0,2.6,26.0,6.0,25.0,1,194.02496
843,0,8,Entertainment/public assembly,5380,21.1,4.0,5.6,0.0,1011.3,270.0,3.6,7.0,5.0,18.0,1,5.5833
151,0,1,Office,30495,16.8,0.0,14.1,0.0,1018.7,250.0,4.1,24.0,6.0,25.0,0,66.59998
1000,3,10,Education,121146,27.2,0.0,1.7,0.0,1018.4,193.5,3.1,26.0,6.0,25.0,1,0.0
1357,0,15,Office,21618,22.2,0.0,3.3,7.83333,1013.5,360.0,5.1,23.0,5.0,21.0,0,6.5499997
194,1,2,Office,155682,26.1,0.0,0.6,0.0,1006.1,90.0,2.6,15.0,6.0,24.0,0,485.22003
633,0,4,Parking,98539,12.2,4.0,7.8,0.0,1019.5,0.0,0.0,28.0,11.0,48.0,0,28.090998
481,0,3,Education,104294,7.8,7.0,-1.7,0.0,1005.8,150.0,3.1,8.0,2.0,6.0,0,201.20004
1240,1,14,Public services,73277,20.6,0.0,8.3,0.0,1016.2,120.0,2.6,18.0,6.0,24.0,1,1057.81
127,0,1,Lodging/residential,27071,13.1,0.0,10.2,0.0,1018.7,310.0,4.6,17.0,9.0,37.0,1,12.750001
1225,1,14,Office,122746,15.0,0.0,11.7,0.0,1013.2,170.0,1.5,22.0,4.0,16.0,0,651.28503
253,0,2,Education,65907,27.2,0.0,0.6,0.0,1008.0,320.0,3.1,10.0,5.0,19.0,0,78.98002
447,0,3,Public services,21472,23.3,6.0,21.1,0.0,1015.6,170.0,5.1,31.0,5.0,22.0,0,38.929996
1163,1,13,Parking,83919,20.0,6.0,18.9,0.0,1009.7,290.0,2.6,24.0,8.0,34.0,0,38.234703
1433,2,15,Education,28084,6.7,0.0,5.6,-1.0,1025.1,70.0,2.1,16.0,9.0,37.0,0,152.51103
339,0,3,Education,71100,2.2,6.0,-3.9,0.0,1021.6,350.0,4.1,7.0,2.0,5.0,1,11.070002
655,0,4,Education,222434,13.9,2.0,12.8,0.0,1021.45,0.0,0.0,14.0,11.0,46.0,0,168.78403
1011,3,10,Education,65144,22.8,0.0,-1.1,0.0,1015.9,180.0,2.1,9.0,10.0,40.0,1,0.0
889,1,9,Education,126077,28.9,4.0,20.6,0.0,1015.3,113.077,2.6,24.0,6.0,25.0,0,545.92114
958,2,9,Entertainment/public assembly,234819,9.4,1.0,3.9,-1.0,1023.5,110.0,2.6,6.0,1.0,1.0,0,728.95
1311,1,14,Lodging/residential,66794,0.0,4.0,-2.2,0.0,1009.7,330.0,1.5,21.0,3.0,12.0,0,0.0
167,3,2,Lodging/residential,86323,24.4,0.0,-6.1,0.0,1011.2,0.0,0.0,28.0,2.0,8.0,1,11.722801
1172,2,13,Manufacturing/industrial,63847,0.6,8.0,-0.6,8.0,1012.2,10.0,1.5,8.0,1.0,1.0,0,1878.9098
1186,0,13,Lodging/residential,157070,1.7,8.0,0.0,0.0,1016.8,330.0,3.1,23.0,11.0,47.0,0,134.74803
478,0,3,Lodging/residential,31283,11.1,2.0,-2.8,0.0,1021.9,320.0,4.1,27.0,11.0,47.0,1,51.110004
891,0,9,Education,50846,19.4,2.0,15.0,0.0,1018.6,360.0,5.7,18.0,5.0,20.0,0,49.000004
1074,0,13,Office,89858,6.1,7.0,-1.1,0.0,1029.3,110.0,3.6,25.0,10.0,43.0,0,110.049995
1308,1,14,Lodging/residential,62279,10.6,2.0,7.8,0.0,1021.5,0.0,0.0,11.0,5.0,19.0,0,278.69998
641,0,4,Education,109588,11.7,2.4,9.4,0.0,1017.2,0.0,0.0,6.0,12.0,49.0,0,328.11798
925,2,9,Education,54405,4.4,0.0,-3.3,0.0,1031.8,0.0,0.0,5.0,2.0,5.0,0,21.35
114,3,1,Education,139683,10.3,0.0,8.7,0.0,1026.2,190.0,3.6,8.0,12.0,49.0,0,270.41193
1404,1,15,Lodging/residential,169290,13.3,3.33333,9.4,8.81818,1023.9,100.0,4.1,29.0,9.0,39.0,0,0.0
833,0,8,Public services,6392,18.9,7.5,17.8,343.0,1015.7,50.0,1.5,25.0,3.0,12.0,0,13.3333
766,0,6,Office,64818,22.8,2.0,20.6,0.0,1011.7,66.1905,1.5,1.0,9.0,35.0,0,64.30002
1172,0,13,Manufacturing/industrial,63847,7.8,8.0,4.4,0.0,1020.8,70.0,4.1,26.0,10.0,43.0,0,293.49506
796,1,7,Education,226042,-19.7,0.105263,-24.3,2.0,1026.3,280.0,1.5,3.0,3.0,9.0,0,3.53
1310,1,14,Lodging/residential,57274,13.3,0.666667,10.6,0.0,1008.2,90.0,4.1,3.0,5.0,18.0,0,242.07303
1330,2,15,Education,173983,9.4,0.0,8.9,21.5,1024.4,70.0,2.6,4.0,9.0,35.0,1,1615.3798
503,0,3,Other,10762,8.9,4.66667,-6.1,0.0,1024.0,160.0,2.6,21.0,12.0,51.0,0,12.909999
500,0,3,Education,99975,34.4,2.0,21.7,0.0,1016.1,210.0,7.2,11.0,8.0,32.0,0,207.23999
1259,0,14,Education,71088,10.0,3.5,9.4,76.0,1004.9,80.0,6.7,10.0,1.0,1.0,1,135.0
1107,0,13,Education,184098,0.6,8.0,-1.7,-1.0,1025.6,130.0,5.7,25.0,12.0,51.0,1,591.492
392,0,3,Education,53000,-2.2,0.0,-15.6,0.0,1038.6,330.0,3.6,5.0,1.0,1.0,0,105.900024
1275,3,14,Office,114166,10.6,0.0952381,-2.2,0.0,1019.7,220.0,3.6,28.0,11.0,48.0,0,819.84503
5,0,0,Education,8000,24.4,4.4,22.8,0.0,1017.2,120.0,2.6,1.0,7.0,26.0,0,18.770401
198,0,2,Office,163959,22.8,6.0,-2.8,0.0,1015.4,80.0,3.1,20.0,11.0,46.0,1,94.33999
828,0,8,Other,102994,25.0,7.0,23.9,8.0,1016.7,160.0,3.6,14.0,9.0,37.0,0,10.45
1428,0,15,Education,28432,13.3,0.0,11.1,2.83333,1002.5,120.0,2.1,7.0,6.0,23.0,0,46.025
705,0,5,Education,23605,10.0,0.0,9.0,-0.0416667,1013.76,280.0,4.6,16.0,5.0,20.0,0,6.5999994
1022,1,10,Education,84346,15.0,2.0,3.9,0.0,1012.0,230.0,1.5,11.0,10.0,41.0,0,0.0
189,1,2,Education,7481,30.6,4.30769,18.9,0.0,1010.2,270.0,4.1,31.0,7.0,30.0,1,30.772398
1359,1,15,Education,124289,25.6,2.0,13.9,21.5,1015.8,130.0,2.6,4.0,6.0,22.0,1,140.808
916,0,9,Education,51778,23.9,0.625,22.2,0.0,1011.7,170.0,2.6,17.0,10.0,42.0,0,61.999992
1249,2,14,Office,159384,-1.7,1.11111,-5.0,0.0,1022.7,320.0,1.5,6.0,3.0,9.0,1,1379.4496
991,1,9,Education,57811,37.2,4.0,22.2,0.0,1013.3,167.857,2.6,8.0,7.0,27.0,0,256.48404
1238,2,14,Office,129707,11.1,0.0,10.0,0.0,1019.8,0.0,0.0,18.0,5.0,20.0,0,0.0
240,0,2,Lodging/residential,111304,16.1,0.0,-2.8,0.0,1015.7,240.0,1.5,26.0,1.0,4.0,0,92.86
769,2,6,Education,77263,29.4,0.0,14.4,0.0,1018.1,222.0,2.6,11.0,9.0,36.0,1,0.0
968,0,9,Education,153999,23.3,1.6,20.6,0.0,1014.9,170.0,3.1,1.0,11.0,44.0,0,131.99997
676,0,5,Manufacturing/industrial,90697,13.0,0.0,13.0,-0.0416667,1013.76,260.0,7.7,16.0,11.0,46.0,0,90.09998
455,0,3,Healthcare,29192,2.8,6.44444,-1.7,0.0,1027.8,60.0,2.1,7.0,1.0,1.0,0,15.7
141,0,1,Office,44789,14.8,0.0,13.4,0.0,1014.5,250.0,5.1,5.0,7.0,27.0,0,45.750004
30,0,0,Education,93897,23.3,4.0,11.1,0.0,1022.0,40.0,7.2,17.0,4.0,15.0,1,0.0
889,2,9,Education,126077,26.7,0.181818,23.9,0.0,1018.1,49.4444,1.5,20.0,9.0,38.0,0,33.55
608,0,4,Entertainment/public assembly,124197,13.9,2.15385,12.8,0.0,1011.4,310.0,4.6,17.0,8.0,33.0,0,63.0
1237,0,14,Office,42755,20.0,4.0,12.8,0.0,1020.8,210.0,4.1,16.0,10.0,41.0,1,59.000004
1444,0,15,Entertainment/public assembly,19619,-7.2,3.0,-14.4,-0.636364,1009.72,280.0,6.7,13.0,1.0,2.0,0,6.5999994
247,0,2,Education,64560,41.7,2.0,6.7,0.0,1007.0,270.0,3.6,14.0,7.0,28.0,0,150.87003
43,0,0,Retail,59071,29.4,3.29412,18.3,0.0,1013.1,170.0,7.2,30.0,11.0,48.0,0,173.16202
1189,1,13,Office,98212,25.6,2.94118,8.3,0.0,1012.9,110.0,3.6,8.0,6.0,23.0,0,437.825
1080,1,13,Education,207115,18.9,2.0,6.7,0.0,1009.5,260.0,4.1,18.0,10.0,42.0,0,7.9967995
785,0,6,Education,250000,12.8,0.0,-3.9,0.0,1012.4,330.0,3.1,18.0,3.0,11.0,0,880.3779
336,0,3,Education,43000,20.6,4.0,13.3,0.0,1016.9,170.0,4.1,15.0,6.0,24.0,0,40.59
966,2,9,Education,393530,28.3,0.0,24.4,0.0,1015.5,110.0,2.1,6.0,9.0,36.0,0,42.699997
1154,0,13,Lodging/residential,262156,16.7,4.0,12.8,0.0,1022.3,0.0,0.0,26.0,8.0,34.0,0,100.417
